1;arms_factory;1700.00;11.45;1397.00;1.35;0
1;arms_factory;1693.00;9.95;1414.00;1.46;0
1;arms_factory;1686.00;10.50;1406.00;5.58;0
1;arms_factory;1707.00;11.40;1382.00;1.96;0
1;arms_factory;1697.00;10.45;1407.00;6.08;0
1;arms_factory;1692.00;11.30;1398.00;6.18;0
1;industrial_complex;1682.00;9.80;1418.00;4.02;0
1;industrial_complex;1697.00;10.63;1406.00;0.41;0
1;industrial_complex;1706.00;11.50;1391.00;3.07;0
1;industrial_complex;1684.00;10.10;1409.00;6.09;0
1;industrial_complex;1696.00;11.40;1397.00;2.47;0
1;industrial_complex;1686.00;9.75;1422.00;5.13;0
1;air_base;1696.00;10.05;1411.00;1.52;0
1;bunker;1692.00;11.60;1391.00;4.54;0
1;bunker;1694.00;10.25;1408.00;5.74;0
1;bunker;1698.00;10.35;1409.00;3.58;0
1;bunker;1683.00;9.80;1416.00;5.14;0
1;bunker;1696.00;11.40;1397.00;1.52;0
1;bunker;1684.00;10.60;1404.00;4.19;0
1;bunker;1697.00;11.40;1388.00;2.03;0
1;bunker;1700.00;11.48;1395.00;5.05;0
1;bunker;1695.00;9.80;1419.00;6.25;0
1;bunker;1703.00;11.50;1384.00;4.09;0
1;bunker;1697.00;11.60;1392.00;0.47;0
1;bunker;1695.00;9.95;1414.00;2.04;0
1;bunker;1703.00;10.45;1406.00;4.70;0
1;bunker;1690.00;9.80;1420.00;2.54;0
1;bunker;1708.00;11.50;1390.00;3.74;0
1;bunker;1688.00;10.75;1403.00;0.48;0
1;bunker;1686.00;9.70;1428.00;3.14;0
1;bunker;1686.00;9.80;1415.00;5.81;0
1;bunker;1691.00;10.20;1410.00;2.54;0
1;bunker;1684.00;10.00;1411.00;5.21;0
1;bunker;1692.00;11.35;1397.00;1.59;0
1;bunker;1686.00;9.80;1418.00;4.25;0
1;anti_air_building;1694.00;10.10;1410.00;0.99;0
1;anti_air_building;1708.00;11.50;1390.00;3.66;0
1;anti_air_building;1696.00;9.80;1420.00;0.04;0
1;synthetic_refinery;1693.00;10.95;1402.00;2.70;0
1;fuel_silo;1704.00;11.50;1389.00;5.72;0
1;radar_station;1693.00;10.70;1405.00;3.12;0
1;rocket_site;1698.00;11.50;1388.00;4.76;0
1;nuclear_reactor;1691.00;9.80;1420.00;2.61;0
2;arms_factory;1602.00;10.40;1320.00;5.58;0
2;arms_factory;1586.00;10.23;1319.00;1.96;0
2;arms_factory;1579.00;10.25;1317.00;6.08;0
2;arms_factory;1576.00;10.10;1311.00;6.18;0
2;arms_factory;1581.00;9.80;1307.00;4.02;0
2;arms_factory;1594.00;10.00;1304.00;0.41;0
2;industrial_complex;1589.00;9.80;1298.00;3.07;0
2;industrial_complex;1599.00;9.80;1359.00;6.09;0
2;industrial_complex;1590.00;9.80;1358.00;2.47;0
2;industrial_complex;1584.00;9.90;1352.00;5.13;0
2;industrial_complex;1605.00;10.10;1349.00;1.52;0
2;industrial_complex;1609.00;10.40;1352.00;4.54;0
2;air_base;1583.00;10.00;1349.00;5.74;0
2;bunker;1606.00;10.20;1348.00;3.58;0
2;bunker;1585.00;9.95;1350.00;5.14;0
2;bunker;1584.00;9.85;1308.00;1.52;0
2;bunker;1589.00;9.82;1350.00;4.19;0
2;bunker;1584.00;9.85;1313.00;2.03;0
2;bunker;1590.00;10.10;1315.00;5.05;0
2;bunker;1608.00;9.95;1339.00;6.25;0
2;bunker;1588.00;10.40;1331.00;4.09;0
2;bunker;1581.00;9.80;1306.00;0.47;0
2;bunker;1598.00;10.40;1321.00;2.04;0
2;bunker;1600.00;9.80;1354.00;4.70;0
2;bunker;1595.00;10.40;1332.00;2.54;0
2;bunker;1583.00;10.40;1335.00;3.74;0
2;bunker;1607.00;10.20;1327.00;0.48;0
2;bunker;1587.00;9.80;1298.00;3.14;0
2;bunker;1592.00;10.40;1321.00;5.81;0
2;bunker;1586.00;10.40;1326.00;2.54;0
2;bunker;1590.00;9.80;1296.00;5.21;0
2;bunker;1603.00;9.90;1340.00;1.59;0
2;bunker;1578.00;10.30;1342.00;4.25;0
2;bunker;1581.00;9.85;1311.00;0.99;0
2;bunker;1586.00;10.40;1335.00;3.66;0
2;bunker;1591.00;10.10;1340.00;0.04;0
2;bunker;1584.00;10.30;1341.00;2.70;0
2;bunker;1586.00;9.80;1354.00;5.72;0
2;bunker;1577.00;10.20;1315.00;0.64;0
2;bunker;1595.00;9.80;1357.00;4.76;0
2;bunker;1591.00;9.95;1309.00;2.61;0
2;bunker;1579.00;9.75;1354.00;2.71;0
2;bunker;1580.00;10.40;1327.00;0.55;0
2;bunker;1604.00;10.00;1345.00;3.21;0
2;bunker;1588.00;10.35;1322.00;4.77;0
2;bunker;1603.00;10.25;1331.00;1.16;0
2;bunker;1594.00;9.80;1353.00;5.28;0
2;bunker;1580.00;10.30;1320.00;0.20;0
2;bunker;1602.00;10.35;1328.00;3.22;0
2;bunker;1611.00;10.38;1348.00;5.88;0
2;bunker;1595.00;10.20;1311.00;2.26;0
2;bunker;1612.00;10.50;1356.00;0.11;0
2;bunker;1593.00;10.00;1341.00;1.67;0
2;bunker;1609.00;10.00;1341.00;5.79;0
2;bunker;1594.00;10.40;1325.00;0.71;0
2;bunker;1600.00;9.80;1356.00;4.83;0
2;bunker;1596.00;10.40;1323.00;0.11;0
2;bunker;1585.00;10.30;1320.00;2.78;0
2;bunker;1588.00;9.80;1352.00;5.44;0
2;bunker;1578.00;10.30;1338.00;2.17;0
2;bunker;1611.00;10.35;1347.00;3.38;0
2;bunker;1595.00;9.80;1349.00;1.22;0
2;bunker;1614.00;10.50;1355.00;5.34;0
2;bunker;1589.00;9.90;1308.00;5.45;0
2;bunker;1581.00;9.80;1301.00;3.29;0
2;bunker;1602.00;10.40;1323.00;5.95;0
2;anti_air_building;1588.00;10.40;1336.00;2.33;0
2;anti_air_building;1600.00;10.35;1331.00;3.89;0
2;anti_air_building;1580.00;10.40;1332.00;1.73;0
2;synthetic_refinery;1588.00;10.40;1332.00;4.40;0
2;fuel_silo;1583.00;10.40;1327.00;0.78;0
2;radar_station;1595.00;10.40;1327.00;5.25;0
2;rocket_site;1609.00;10.00;1329.00;0.18;0
2;nuclear_reactor;1581.00;10.25;1320.00;2.84;0
3;arms_factory;1649.00;9.85;1429.00;6.08;0
3;arms_factory;1627.00;9.60;1424.00;6.18;0
3;arms_factory;1624.00;9.50;1432.00;4.02;0
3;arms_factory;1634.00;9.65;1428.00;0.41;0
3;arms_factory;1629.00;9.60;1434.00;3.07;0
3;arms_factory;1636.00;9.70;1424.00;6.09;0
3;industrial_complex;1642.00;9.70;1419.00;2.47;0
3;industrial_complex;1630.00;9.60;1425.00;5.13;0
3;industrial_complex;1653.00;10.03;1421.00;1.52;0
3;industrial_complex;1637.00;9.70;1428.00;4.54;0
3;industrial_complex;1651.00;9.90;1430.00;5.74;0
3;industrial_complex;1633.00;9.60;1437.00;3.58;0
3;air_base;1634.00;9.65;1428.00;5.14;0
3;bunker;1649.00;9.80;1420.00;1.52;0
3;bunker;1647.00;9.70;1432.00;4.19;0
3;bunker;1631.00;9.60;1427.00;2.03;0
3;bunker;1635.00;9.70;1431.00;5.05;0
3;bunker;1638.00;9.70;1422.00;6.25;0
3;bunker;1630.00;9.60;1434.00;4.09;0
3;bunker;1637.00;9.70;1425.00;0.47;0
3;bunker;1652.00;10.07;1426.00;2.04;0
3;bunker;1627.00;9.65;1437.00;4.70;0
3;bunker;1624.00;9.65;1427.00;2.54;0
3;bunker;1622.00;9.70;1418.00;3.74;0
3;bunker;1629.00;9.68;1420.00;0.48;0
3;bunker;1638.00;9.70;1427.00;3.14;0
3;bunker;1629.00;9.63;1423.00;5.81;0
3;bunker;1653.00;10.07;1424.00;2.54;0
3;anti_air_building;1636.00;9.70;1430.00;5.21;0
3;anti_air_building;1626.00;9.65;1420.00;1.59;0
3;anti_air_building;1629.00;9.60;1435.00;4.25;0
3;synthetic_refinery;1646.00;9.75;1424.00;0.99;0
3;fuel_silo;1644.00;9.70;1434.00;3.66;0
3;radar_station;1636.00;9.70;1428.00;0.94;0
3;rocket_site;1642.00;9.70;1420.00;2.70;0
3;nuclear_reactor;1636.00;9.70;1433.00;5.72;0
4;arms_factory;1631.00;9.80;1324.00;4.02;0
4;arms_factory;1645.00;10.60;1346.00;0.41;0
4;arms_factory;1634.00;10.75;1355.00;3.07;0
4;arms_factory;1616.00;10.15;1340.00;6.09;0
4;arms_factory;1627.00;9.80;1326.00;2.47;0
4;arms_factory;1626.00;9.95;1332.00;5.13;0
4;industrial_complex;1635.00;10.80;1359.00;1.52;0
4;industrial_complex;1623.00;10.40;1342.00;4.54;0
4;industrial_complex;1629.00;10.50;1347.00;5.74;0
4;industrial_complex;1625.00;10.13;1335.00;3.58;0
4;industrial_complex;1622.00;9.80;1322.00;5.14;0
4;industrial_complex;1631.00;9.80;1329.00;1.52;0
4;air_base;1630.00;10.70;1352.00;4.19;0
4;bunker;1620.00;9.80;1331.00;2.03;0
4;bunker;1642.00;10.60;1346.00;5.05;0
4;bunker;1633.00;10.00;1334.00;6.25;0
4;bunker;1634.00;10.50;1344.00;4.09;0
4;bunker;1639.00;10.80;1358.00;0.47;0
4;bunker;1640.00;9.90;1321.00;2.04;0
4;bunker;1645.00;10.00;1325.00;4.70;0
4;bunker;1634.00;10.30;1339.00;2.54;0
4;bunker;1638.00;9.85;1324.00;3.74;0
4;bunker;1623.00;10.50;1347.00;0.48;0
4;bunker;1635.00;10.80;1355.00;3.14;0
4;bunker;1614.00;9.80;1336.00;5.81;0
4;bunker;1642.00;10.50;1336.00;2.54;0
4;bunker;1626.00;9.80;1325.00;5.21;0
4;bunker;1626.00;10.50;1346.00;1.59;0
4;bunker;1625.00;10.25;1339.00;4.25;0
4;bunker;1636.00;10.80;1362.00;0.99;0
4;bunker;1644.00;10.55;1340.00;3.66;0
4;bunker;1618.00;9.80;1328.00;0.04;0
4;bunker;1643.00;10.15;1327.00;2.70;0
4;bunker;1636.00;10.70;1350.00;5.72;0
4;bunker;1638.00;10.60;1347.00;0.64;0
4;bunker;1622.00;10.50;1348.00;4.76;0
4;bunker;1623.00;10.40;1342.00;2.61;0
4;bunker;1616.00;9.80;1329.00;2.71;0
4;bunker;1626.00;10.30;1338.00;0.55;0
4;bunker;1643.00;10.60;1342.00;3.21;0
4;bunker;1622.00;10.60;1353.00;4.77;0
4;bunker;1631.00;10.80;1358.00;1.16;0
4;anti_air_building;1618.00;9.80;1325.00;5.28;0
4;anti_air_building;1631.00;10.60;1350.00;0.20;0
4;anti_air_building;1640.00;10.80;1362.00;3.22;0
4;synthetic_refinery;1638.00;10.50;1338.00;5.88;0
4;fuel_silo;1616.00;9.80;1329.00;2.26;0
4;radar_station;1630.00;10.50;1343.00;0.72;0
4;rocket_site;1637.00;10.70;1366.00;1.67;0
4;nuclear_reactor;1635.00;10.50;1343.00;5.79;0
5;arms_factory;1633.00;10.10;1251.00;3.07;0
5;arms_factory;1605.00;9.80;1270.00;6.09;0
5;arms_factory;1630.00;10.10;1262.00;2.47;0
5;arms_factory;1631.00;10.10;1248.00;5.13;0
5;arms_factory;1634.00;10.50;1272.00;1.52;0
5;arms_factory;1609.00;10.00;1258.00;4.54;0
5;industrial_complex;1622.00;10.00;1251.00;5.74;0
5;industrial_complex;1623.00;9.90;1262.00;3.58;0
5;industrial_complex;1630.00;10.10;1247.00;5.14;0
5;industrial_complex;1603.00;9.80;1276.00;1.52;0
5;industrial_complex;1637.00;10.10;1257.00;4.19;0
5;industrial_complex;1624.00;10.03;1249.00;2.03;0
5;air_base;1613.00;9.85;1269.00;5.05;0
5;bunker;1637.00;10.10;1250.00;6.25;0
5;bunker;1614.00;9.90;1260.00;4.09;0
5;bunker;1626.00;10.00;1272.00;0.47;0
5;bunker;1619.00;9.95;1250.00;2.04;0
5;bunker;1644.00;10.20;1253.00;4.70;0
5;bunker;1601.00;9.80;1275.00;2.54;0
5;bunker;1598.00;9.80;1271.00;3.74;0
5;bunker;1606.00;9.90;1268.00;0.48;0
5;bunker;1612.00;9.90;1248.00;3.14;0
5;bunker;1615.00;10.00;1241.00;5.81;0
5;bunker;1616.00;9.90;1262.00;2.54;0
5;bunker;1621.00;9.85;1271.00;5.21;0
5;bunker;1626.00;10.10;1244.00;1.59;0
5;bunker;1630.00;10.00;1260.00;4.25;0
5;bunker;1614.00;9.90;1268.00;0.99;0
5;bunker;1598.00;9.90;1263.00;3.66;0
5;bunker;1608.00;9.95;1254.00;0.04;0
5;bunker;1623.00;9.93;1267.00;2.70;0
5;bunker;1608.00;9.95;1260.00;5.72;0
5;bunker;1616.00;9.80;1274.00;0.64;0
5;bunker;1632.00;10.10;1244.00;4.76;0
5;bunker;1594.00;9.80;1272.00;2.61;0
5;bunker;1626.00;9.90;1257.00;2.71;0
5;bunker;1600.00;9.80;1270.00;0.55;0
5;bunker;1613.00;9.90;1257.00;3.21;0
5;bunker;1621.00;9.90;1256.00;4.77;0
5;bunker;1595.00;9.80;1265.00;1.16;0
5;bunker;1622.00;9.90;1260.00;5.28;0
5;bunker;1618.00;10.00;1245.00;0.20;0
5;bunker;1637.00;10.30;1266.00;3.22;0
5;bunker;1639.00;10.10;1257.00;5.88;0
5;bunker;1601.00;9.93;1257.00;2.26;0
5;bunker;1617.00;9.90;1252.00;0.11;0
5;bunker;1616.00;9.88;1266.00;1.67;0
5;bunker;1618.00;9.80;1278.00;5.79;0
5;bunker;1611.00;9.80;1275.00;0.71;0
5;anti_air_building;1599.00;9.90;1267.00;4.83;0
5;anti_air_building;1609.00;9.90;1247.00;0.11;0
5;anti_air_building;1594.00;9.80;1273.00;2.78;0
5;synthetic_refinery;1628.00;9.90;1262.00;5.44;0
5;fuel_silo;1609.00;9.90;1250.00;2.17;0
5;radar_station;1619.00;9.90;1261.00;5.77;0
5;rocket_site;1608.00;10.00;1258.00;1.22;0
5;nuclear_reactor;1612.00;9.90;1245.00;5.34;0
6;arms_factory;1746.00;12.45;1275.00;2.47;0
6;arms_factory;1750.00;11.60;1298.00;5.13;0
6;arms_factory;1745.00;12.50;1277.00;1.52;0
6;arms_factory;1738.00;14.20;1270.00;4.54;0
6;arms_factory;1744.00;12.75;1291.00;5.74;0
6;arms_factory;1746.00;12.40;1273.00;3.58;0
6;industrial_complex;1758.00;11.20;1301.00;5.14;0
6;industrial_complex;1743.00;12.85;1283.00;1.52;0
6;industrial_complex;1743.00;13.03;1268.00;4.19;0
6;industrial_complex;1755.00;11.20;1291.00;2.03;0
6;industrial_complex;1751.00;10.70;1270.00;5.05;0
6;industrial_complex;1752.00;11.60;1302.00;6.25;0
6;air_base;1747.00;11.70;1286.00;4.09;0
6;bunker;1738.00;14.30;1267.00;0.47;0
6;bunker;1732.00;11.70;1303.00;2.04;0
6;bunker;1743.00;12.80;1284.00;4.70;0
6;bunker;1732.00;13.00;1276.00;2.54;0
6;bunker;1760.00;11.07;1299.00;3.74;0
6;bunker;1745.00;12.60;1291.00;0.48;0
6;bunker;1751.00;10.65;1269.00;3.14;0
6;bunker;1757.00;11.18;1293.00;5.81;0
6;bunker;1744.00;12.00;1298.00;2.54;0
6;bunker;1751.00;11.20;1279.00;5.21;0
6;bunker;1748.00;12.05;1281.00;1.59;0
6;bunker;1747.00;11.03;1260.00;4.25;0
6;bunker;1755.00;11.20;1290.00;0.99;0
6;bunker;1751.00;11.23;1284.00;3.66;0
6;bunker;1748.00;11.73;1300.00;0.04;0
6;anti_air_building;1744.00;12.80;1268.00;2.70;0
6;anti_air_building;1756.00;11.15;1291.00;5.72;0
6;anti_air_building;1749.00;11.65;1279.00;0.64;0
6;synthetic_refinery;1753.00;11.55;1302.00;4.76;0
6;fuel_silo;1748.00;11.70;1286.00;2.61;0
6;radar_station;1747.00;11.95;1283.00;5.28;0
6;rocket_site;1752.00;11.20;1288.00;0.55;0
6;nuclear_reactor;1750.00;11.20;1276.00;3.21;0
7;arms_factory;1639.00;9.70;1411.00;1.52;0
7;arms_factory;1626.00;9.75;1407.00;4.54;0
7;arms_factory;1635.00;9.75;1409.00;5.74;0
7;arms_factory;1640.00;9.70;1412.00;3.58;0
7;arms_factory;1621.00;9.70;1415.00;5.14;0
7;arms_factory;1626.00;9.80;1397.00;1.52;0
7;industrial_complex;1637.00;10.20;1395.00;4.19;0
7;industrial_complex;1630.00;9.80;1395.00;2.03;0
7;industrial_complex;1643.00;9.90;1402.00;5.05;0
7;industrial_complex;1619.00;9.70;1404.00;6.25;0
7;industrial_complex;1636.00;9.90;1402.00;4.09;0
7;industrial_complex;1636.00;9.80;1406.00;0.47;0
7;air_base;1629.00;9.80;1402.00;2.04;0
7;bunker;1639.00;9.80;1405.00;4.70;0
7;bunker;1622.00;9.70;1409.00;2.54;0
7;bunker;1633.00;9.82;1404.00;3.74;0
7;bunker;1642.00;10.10;1399.00;0.48;0
7;bunker;1624.00;9.80;1396.00;3.14;0
7;bunker;1633.00;9.70;1410.00;5.81;0
7;bunker;1625.00;9.75;1404.00;2.54;0
7;bunker;1630.00;9.70;1411.00;5.21;0
7;bunker;1631.00;9.85;1397.00;1.59;0
7;bunker;1620.00;9.70;1402.00;4.25;0
7;bunker;1638.00;10.18;1399.00;0.99;0
7;bunker;1639.00;9.70;1415.00;3.66;0
7;bunker;1616.00;9.70;1411.00;0.04;0
7;bunker;1628.00;9.80;1397.00;2.70;0
7;bunker;1621.00;9.80;1398.00;5.72;0
7;bunker;1646.00;9.90;1405.00;0.64;0
7;bunker;1634.00;10.05;1393.00;4.76;0
7;bunker;1621.00;9.70;1415.00;2.61;0
7;bunker;1625.00;9.80;1401.00;2.71;0
7;bunker;1616.00;9.80;1397.00;0.55;0
7;bunker;1621.00;9.70;1402.00;3.21;0
7;bunker;1612.00;9.70;1402.00;4.77;0
7;anti_air_building;1612.00;9.70;1400.00;1.16;0
7;anti_air_building;1626.00;9.80;1399.00;5.28;0
7;anti_air_building;1644.00;9.90;1402.00;0.20;0
7;synthetic_refinery;1635.00;9.85;1404.00;3.22;0
7;fuel_silo;1616.00;9.70;1406.00;5.88;0
7;radar_station;1629.00;9.80;1403.00;4.07;0
7;rocket_site;1639.00;9.80;1406.00;0.11;0
7;nuclear_reactor;1620.00;9.70;1406.00;1.67;0
8;arms_factory;1434.00;9.70;1314.00;5.74;0
8;arms_factory;1424.00;11.20;1298.00;3.58;0
8;arms_factory;1468.00;10.10;1303.00;5.14;0
8;arms_factory;1422.00;10.80;1302.00;1.52;0
8;arms_factory;1468.00;10.05;1305.00;4.19;0
8;arms_factory;1438.00;11.30;1298.00;2.03;0
8;industrial_complex;1467.00;9.90;1308.00;5.05;0
8;industrial_complex;1465.00;9.60;1321.00;6.25;0
8;industrial_complex;1432.00;9.75;1312.00;4.09;0
8;industrial_complex;1425.00;11.60;1287.00;0.47;0
8;industrial_complex;1461.00;9.80;1306.00;2.04;0
8;industrial_complex;1426.00;11.45;1296.00;4.70;0
8;air_base;1455.00;10.35;1299.00;2.54;0
8;bunker;1448.00;10.70;1290.00;3.74;0
8;bunker;1429.00;9.80;1313.00;0.48;0
8;bunker;1438.00;9.50;1317.00;3.14;0
8;bunker;1456.00;10.30;1300.00;5.81;0
8;bunker;1433.00;11.30;1299.00;2.54;0
8;bunker;1445.00;10.80;1300.00;5.21;0
8;bunker;1424.00;9.70;1315.00;1.59;0
8;bunker;1463.00;9.60;1318.00;4.25;0
8;bunker;1469.00;10.03;1305.00;0.99;0
8;bunker;1416.00;9.70;1314.00;3.66;0
8;bunker;1464.00;9.57;1319.00;0.04;0
8;bunker;1450.00;10.65;1291.00;2.70;0
8;bunker;1439.00;10.35;1305.00;5.72;0
8;bunker;1443.00;11.00;1299.00;0.64;0
8;bunker;1424.00;10.30;1308.00;4.76;0
8;bunker;1443.00;11.30;1295.00;2.61;0
8;bunker;1427.00;11.60;1289.00;2.71;0
8;bunker;1441.00;9.50;1315.00;0.55;0
8;bunker;1466.00;10.35;1299.00;3.21;0
8;bunker;1466.00;9.85;1308.00;4.77;0
8;bunker;1421.00;11.50;1289.00;1.16;0
8;bunker;1452.00;9.70;1309.00;5.28;0
8;bunker;1441.00;9.80;1310.00;0.20;0
8;bunker;1430.00;10.80;1304.00;3.22;0
8;bunker;1453.00;10.40;1299.00;5.88;0
8;bunker;1425.00;9.50;1319.00;2.26;0
8;bunker;1453.00;9.80;1306.00;0.11;0
8;bunker;1439.00;11.40;1292.00;1.67;0
8;bunker;1423.00;11.40;1296.00;5.79;0
8;bunker;1456.00;9.55;1314.00;0.71;0
8;bunker;1463.00;9.50;1321.00;4.83;0
8;bunker;1462.00;9.70;1312.00;0.11;0
8;bunker;1458.00;10.40;1294.00;2.78;0
8;bunker;1459.00;9.80;1306.00;5.44;0
8;anti_air_building;1468.00;10.05;1305.00;2.17;0
8;anti_air_building;1466.00;9.70;1318.00;3.38;0
8;anti_air_building;1437.00;11.35;1297.00;1.22;0
8;synthetic_refinery;1465.00;9.60;1321.00;5.34;0
8;fuel_silo;1442.00;10.80;1302.00;5.45;0
8;radar_station;1442.00;10.28;1305.00;4.25;0
8;rocket_site;1442.00;10.28;1305.00;5.95;0
8;nuclear_reactor;1468.00;9.70;1311.00;2.33;0
9;arms_factory;1703.00;9.70;1442.00;5.14;0
9;arms_factory;1722.00;9.70;1424.00;1.52;0
9;arms_factory;1723.00;9.75;1431.00;4.19;0
9;arms_factory;1714.00;9.70;1444.00;2.03;0
9;arms_factory;1706.00;9.80;1423.00;5.05;0
9;arms_factory;1711.00;9.70;1431.00;6.25;0
9;industrial_complex;1704.00;9.70;1438.00;4.09;0
9;industrial_complex;1691.00;9.70;1454.00;0.47;0
9;industrial_complex;1691.00;9.70;1434.00;2.04;0
9;industrial_complex;1690.00;9.70;1438.00;4.70;0
9;industrial_complex;1682.00;9.70;1455.00;2.54;0
9;industrial_complex;1719.00;9.70;1427.00;3.74;0
9;air_base;1699.00;9.70;1436.00;0.48;0
9;bunker;1711.00;9.70;1452.00;3.14;0
9;bunker;1685.00;9.70;1457.00;5.81;0
9;bunker;1697.00;9.70;1435.00;2.54;0
9;bunker;1693.00;9.70;1429.00;5.21;0
9;bunker;1694.00;9.70;1442.00;1.59;0
9;bunker;1701.00;9.70;1442.00;4.25;0
9;bunker;1707.00;9.70;1427.00;0.99;0
9;bunker;1712.00;9.70;1447.00;3.66;0
9;bunker;1715.00;9.70;1422.00;0.04;0
9;bunker;1700.00;9.80;1430.00;2.70;0
9;bunker;1691.00;9.70;1450.00;5.72;0
9;bunker;1724.00;9.80;1430.00;0.64;0
9;bunker;1719.00;9.70;1441.00;4.76;0
9;bunker;1704.00;9.90;1452.00;2.61;0
9;bunker;1687.00;9.70;1452.00;2.71;0
9;bunker;1700.00;9.85;1450.00;0.55;0
9;bunker;1703.00;9.85;1448.00;3.21;0
9;bunker;1730.00;9.93;1430.00;4.77;0
9;bunker;1715.00;9.70;1435.00;1.16;0
9;bunker;1707.00;9.70;1439.00;5.28;0
9;bunker;1711.00;9.70;1427.00;0.20;0
9;bunker;1724.00;9.80;1425.00;3.22;0
9;bunker;1690.00;9.70;1455.00;5.88;0
9;bunker;1708.00;9.70;1434.00;2.26;0
9;bunker;1704.00;9.70;1434.00;0.11;0
9;bunker;1712.00;9.70;1428.00;1.67;0
9;bunker;1699.00;9.75;1427.00;5.79;0
9;bunker;1712.00;9.70;1443.00;0.71;0
9;bunker;1708.00;9.70;1443.00;4.83;0
9;bunker;1712.00;9.70;1435.00;0.11;0
9;bunker;1690.00;9.70;1436.00;2.78;0
9;anti_air_building;1689.00;9.70;1446.00;5.44;0
9;anti_air_building;1721.00;9.70;1428.00;2.17;0
9;anti_air_building;1716.00;9.70;1430.00;3.38;0
9;synthetic_refinery;1701.00;9.75;1446.00;1.22;0
9;fuel_silo;1711.00;9.70;1426.00;5.34;0
9;radar_station;1705.00;9.70;1441.00;1.67;0
9;rocket_site;1709.00;9.70;1447.00;3.29;0
9;nuclear_reactor;1689.00;9.70;1458.00;5.95;0
10;arms_factory;1688.00;11.85;1383.00;4.19;0
10;arms_factory;1682.00;12.25;1375.00;2.03;0
10;arms_factory;1684.00;12.20;1370.00;5.05;0
10;arms_factory;1682.00;12.30;1373.00;6.25;0
10;arms_factory;1689.00;11.85;1379.00;4.09;0
10;arms_factory;1683.00;12.10;1382.00;0.47;0
10;industrial_complex;1686.00;11.32;1391.00;2.04;0
10;industrial_complex;1687.00;11.10;1395.00;4.70;0
10;industrial_complex;1686.00;11.60;1387.00;2.54;0
10;industrial_complex;1684.00;12.18;1377.00;3.74;0
10;industrial_complex;1685.00;12.10;1379.00;0.48;0
10;industrial_complex;1688.00;11.80;1384.00;3.14;0
10;air_base;1684.00;11.80;1384.00;5.81;0
10;bunker;1686.00;11.80;1385.00;2.54;0
10;bunker;1685.00;10.90;1395.00;5.21;0
10;bunker;1683.00;12.10;1381.00;1.59;0
10;bunker;1683.00;12.30;1375.00;4.25;0
10;bunker;1687.00;11.90;1383.00;0.99;0
10;bunker;1689.00;11.80;1377.00;3.66;0
10;anti_air_building;1683.00;12.20;1370.00;0.04;0
10;anti_air_building;1686.00;11.05;1394.00;2.70;0
10;anti_air_building;1685.00;12.10;1380.00;5.72;0
10;synthetic_refinery;1682.00;12.05;1382.00;0.64;0
10;fuel_silo;1682.00;12.20;1379.00;4.76;0
10;radar_station;1687.00;11.70;1386.00;2.35;0
10;rocket_site;1684.00;11.55;1387.00;2.71;0
10;nuclear_reactor;1686.00;12.10;1374.00;0.55;0
11;arms_factory;1536.00;9.80;1302.00;5.05;0
11;arms_factory;1536.00;9.80;1289.00;6.25;0
11;arms_factory;1537.00;9.80;1281.00;4.09;0
11;arms_factory;1529.00;9.85;1293.00;0.47;0
11;arms_factory;1530.00;9.80;1285.00;2.04;0
11;arms_factory;1526.00;9.80;1272.00;4.70;0
11;industrial_complex;1529.00;9.80;1285.00;2.54;0
11;industrial_complex;1528.00;9.80;1279.00;3.74;0
11;industrial_complex;1535.00;9.80;1265.00;0.48;0
11;industrial_complex;1524.00;9.80;1273.00;3.14;0
11;industrial_complex;1549.00;9.80;1267.00;5.81;0
11;industrial_complex;1534.00;9.80;1303.00;2.54;0
11;air_base;1537.00;9.80;1271.00;5.21;0
11;bunker;1524.00;10.28;1301.00;1.59;0
11;bunker;1537.00;9.80;1298.00;4.25;0
11;bunker;1540.00;9.80;1305.00;0.99;0
11;bunker;1531.00;9.80;1305.00;3.66;0
11;bunker;1539.00;9.80;1274.00;0.04;0
11;bunker;1543.00;9.80;1278.00;2.70;0
11;bunker;1539.00;9.80;1263.00;5.72;0
11;bunker;1550.00;9.80;1274.00;0.64;0
11;bunker;1553.00;9.80;1305.00;4.76;0
11;bunker;1540.00;9.80;1279.00;2.61;0
11;bunker;1519.00;10.40;1295.00;2.71;0
11;bunker;1524.00;9.95;1284.00;0.55;0
11;bunker;1548.00;9.70;1302.00;3.21;0
11;bunker;1526.00;9.80;1277.00;4.77;0
11;bunker;1528.00;9.90;1293.00;1.16;0
11;bunker;1538.00;9.80;1291.00;5.28;0
11;bunker;1548.00;9.80;1268.00;0.20;0
11;bunker;1536.00;9.80;1308.00;3.22;0
11;bunker;1534.00;9.80;1281.00;5.88;0
11;bunker;1554.00;9.80;1266.00;2.26;0
11;bunker;1543.00;9.80;1284.00;0.11;0
11;bunker;1540.00;9.80;1284.00;1.67;0
11;bunker;1535.00;9.80;1290.00;5.79;0
11;bunker;1534.00;9.80;1296.00;0.71;0
11;bunker;1523.00;10.15;1287.00;4.83;0
11;bunker;1518.00;10.20;1289.00;0.11;0
11;bunker;1548.00;9.75;1304.00;2.78;0
11;anti_air_building;1535.00;9.80;1276.00;5.44;0
11;anti_air_building;1554.00;9.80;1271.00;2.17;0
11;anti_air_building;1539.00;9.80;1305.00;3.38;0
11;synthetic_refinery;1553.00;9.80;1271.00;1.22;0
11;fuel_silo;1540.00;9.80;1260.00;5.34;0
11;radar_station;1536.00;9.80;1283.00;1.67;0
11;rocket_site;1544.00;9.80;1263.00;3.29;0
11;nuclear_reactor;1529.00;9.90;1298.00;5.95;0
12;arms_factory;1475.00;10.10;1294.00;4.09;0
12;arms_factory;1484.00;10.00;1300.00;0.47;0
12;arms_factory;1481.00;9.85;1310.00;2.04;0
12;arms_factory;1494.00;9.90;1302.00;4.70;0
12;arms_factory;1496.00;9.80;1311.00;2.54;0
12;arms_factory;1503.00;9.98;1285.00;3.74;0
12;industrial_complex;1493.00;9.80;1315.00;0.48;0
12;industrial_complex;1502.00;9.88;1303.00;3.14;0
12;industrial_complex;1498.00;9.90;1296.00;5.81;0
12;industrial_complex;1486.00;10.10;1291.00;2.54;0
12;industrial_complex;1477.00;9.55;1321.00;5.21;0
12;industrial_complex;1509.00;10.25;1308.00;1.59;0
12;air_base;1473.00;9.50;1320.00;4.25;0
12;bunker;1472.00;10.20;1294.00;0.99;0
12;bunker;1480.00;9.55;1323.00;3.66;0
12;bunker;1512.00;10.40;1299.00;0.04;0
12;bunker;1485.00;9.60;1319.00;2.70;0
12;bunker;1502.00;9.80;1307.00;5.72;0
12;bunker;1488.00;10.07;1288.00;0.64;0
12;bunker;1502.00;10.00;1286.00;4.76;0
12;bunker;1469.00;9.65;1319.00;2.61;0
12;bunker;1508.00;10.30;1296.00;2.71;0
12;bunker;1477.00;10.00;1304.00;0.55;0
12;bunker;1500.00;9.90;1292.00;3.21;0
12;bunker;1502.00;10.00;1298.00;4.77;0
12;bunker;1470.00;9.70;1317.00;1.16;0
12;bunker;1509.00;10.25;1306.00;5.28;0
12;bunker;1506.00;10.15;1291.00;0.20;0
12;bunker;1489.00;10.05;1292.00;3.22;0
12;bunker;1484.00;10.10;1287.00;5.88;0
12;bunker;1498.00;9.80;1304.00;2.26;0
12;bunker;1492.00;9.80;1309.00;0.11;0
12;bunker;1480.00;9.60;1320.00;1.67;0
12;bunker;1487.00;10.10;1286.00;5.79;0
12;bunker;1475.00;9.85;1308.00;0.71;0
12;bunker;1487.00;10.00;1301.00;4.83;0
12;bunker;1492.00;10.00;1298.00;0.11;0
12;bunker;1493.00;10.00;1294.00;2.78;0
12;bunker;1489.00;9.75;1319.00;5.44;0
12;bunker;1486.00;9.90;1309.00;2.17;0
12;bunker;1505.00;10.20;1294.00;3.38;0
12;bunker;1498.00;9.80;1312.00;1.22;0
12;bunker;1478.00;9.55;1322.00;5.34;0
12;bunker;1481.00;10.05;1296.00;5.45;0
12;bunker;1478.00;9.70;1312.00;3.29;0
12;bunker;1488.00;9.80;1313.00;5.95;0
12;bunker;1497.00;9.90;1295.00;2.33;0
12;bunker;1482.00;9.85;1310.00;3.89;0
12;bunker;1475.00;9.90;1306.00;1.73;0
12;bunker;1473.00;10.10;1301.00;4.40;0
12;bunker;1489.00;9.70;1323.00;0.78;0
12;bunker;1492.00;10.00;1284.00;2.34;0
12;bunker;1471.00;9.60;1323.00;0.18;0
12;anti_air_building;1493.00;9.90;1300.00;2.84;0
12;anti_air_building;1500.00;9.80;1314.00;5.50;0
12;anti_air_building;1512.00;10.38;1304.00;2.24;0
12;synthetic_refinery;1500.00;9.90;1294.00;3.45;0
12;fuel_silo;1480.00;10.10;1292.00;1.29;0
12;radar_station;1492.00;9.90;1305.00;4.79;0
12;rocket_site;1482.00;9.90;1308.00;5.51;0
12;nuclear_reactor;1508.00;10.30;1298.00;1.90;0
13;arms_factory;1601.00;10.20;1405.00;2.04;0
13;arms_factory;1612.00;9.60;1428.00;4.70;0
13;arms_factory;1613.00;9.70;1417.00;2.54;0
13;arms_factory;1593.00;10.05;1416.00;3.74;0
13;arms_factory;1608.00;9.98;1414.00;0.48;0
13;arms_factory;1599.00;10.30;1406.00;3.14;0
13;industrial_complex;1616.00;9.50;1428.00;5.81;0
13;industrial_complex;1605.00;9.60;1426.00;2.54;0
13;industrial_complex;1593.00;9.95;1417.00;5.21;0
13;industrial_complex;1610.00;9.88;1415.00;1.59;0
13;industrial_complex;1611.00;9.60;1421.00;4.25;0
13;industrial_complex;1614.00;9.50;1429.00;0.99;0
13;air_base;1605.00;9.60;1427.00;3.66;0
13;bunker;1590.00;9.55;1431.00;0.04;0
13;bunker;1594.00;9.80;1420.00;2.70;0
13;bunker;1617.00;9.63;1426.00;5.72;0
13;bunker;1608.00;9.63;1426.00;0.64;0
13;bunker;1601.00;10.30;1407.00;4.76;0
13;bunker;1595.00;10.10;1416.00;2.61;0
13;bunker;1604.00;10.25;1409.00;2.71;0
13;bunker;1610.00;9.80;1410.00;0.55;0
13;bunker;1607.00;9.80;1418.00;3.21;0
13;bunker;1592.00;10.30;1410.00;4.77;0
13;bunker;1601.00;10.10;1415.00;1.16;0
13;bunker;1603.00;9.90;1418.00;5.28;0
13;bunker;1599.00;9.75;1420.00;0.20;0
13;bunker;1596.00;9.50;1429.00;3.22;0
13;bunker;1596.00;9.70;1426.00;5.88;0
13;bunker;1606.00;9.90;1404.00;2.26;0
13;bunker;1597.00;10.30;1406.00;0.11;0
13;bunker;1591.00;9.70;1421.00;1.67;0
13;bunker;1605.00;9.85;1403.00;5.79;0
13;bunker;1617.00;9.50;1429.00;0.71;0
13;bunker;1603.00;9.60;1427.00;4.83;0
13;bunker;1608.00;9.90;1408.00;0.11;0
13;bunker;1593.00;10.25;1411.00;2.78;0
13;bunker;1609.00;9.90;1413.00;5.44;0
13;bunker;1591.00;10.10;1414.00;2.17;0
13;bunker;1613.00;9.50;1431.00;3.38;0
13;anti_air_building;1596.00;10.20;1414.00;1.22;0
13;anti_air_building;1605.00;9.95;1417.00;5.34;0
13;anti_air_building;1592.00;10.25;1411.00;5.45;0
13;synthetic_refinery;1593.00;9.70;1428.00;3.29;0
13;fuel_silo;1598.00;9.57;1428.00;5.95;0
13;radar_station;1605.00;9.95;1417.00;3.84;0
13;rocket_site;1600.00;9.90;1418.00;3.89;0
13;nuclear_reactor;1592.00;10.20;1412.00;1.73;0
14;arms_factory;1622.00;10.05;1375.00;2.54;0
14;arms_factory;1603.00;9.80;1399.00;3.74;0
14;arms_factory;1608.00;9.80;1383.00;0.48;0
14;arms_factory;1620.00;9.80;1387.00;3.14;0
14;arms_factory;1621.00;10.55;1362.00;5.81;0
14;arms_factory;1590.00;9.70;1390.00;2.54;0
14;industrial_complex;1596.00;9.70;1393.00;5.21;0
14;industrial_complex;1616.00;9.85;1379.00;1.59;0
14;industrial_complex;1593.00;10.20;1400.00;4.25;0
14;industrial_complex;1593.00;10.00;1398.00;0.99;0
14;industrial_complex;1608.00;9.80;1386.00;3.66;0
14;industrial_complex;1619.00;10.60;1364.00;0.04;0
14;air_base;1622.00;10.65;1359.00;2.70;0
14;bunker;1593.00;9.90;1396.00;5.72;0
14;bunker;1622.00;10.53;1365.00;0.64;0
14;bunker;1613.00;9.70;1392.00;4.76;0
14;bunker;1622.00;9.95;1377.00;2.61;0
14;bunker;1608.00;9.80;1379.00;2.71;0
14;bunker;1624.00;10.70;1359.00;0.55;0
14;bunker;1601.00;9.80;1381.00;3.21;0
14;bunker;1628.00;9.85;1387.00;4.77;0
14;bunker;1603.00;9.70;1396.00;1.16;0
14;bunker;1587.00;9.70;1392.00;5.28;0
14;bunker;1609.00;9.70;1396.00;0.20;0
14;bunker;1606.00;9.70;1389.00;3.22;0
14;bunker;1622.00;9.80;1388.00;5.88;0
14;bunker;1596.00;9.70;1386.00;2.26;0
14;bunker;1624.00;9.88;1384.00;0.11;0
14;bunker;1624.00;9.90;1381.00;1.67;0
14;bunker;1620.00;10.18;1373.00;5.79;0
14;bunker;1595.00;10.10;1399.00;0.71;0
14;bunker;1618.00;10.60;1359.00;4.83;0
14;bunker;1591.00;9.90;1397.00;0.11;0
14;bunker;1615.00;9.85;1379.00;2.78;0
14;bunker;1609.00;9.80;1386.00;5.44;0
14;anti_air_building;1593.00;10.10;1399.00;2.17;0
14;anti_air_building;1603.00;9.80;1380.00;3.38;0
14;anti_air_building;1607.00;9.75;1385.00;1.22;0
14;synthetic_refinery;1622.00;10.65;1360.00;5.34;0
14;fuel_silo;1605.00;9.75;1384.00;5.45;0
14;radar_station;1608.00;9.80;1380.00;4.25;0
14;rocket_site;1625.00;9.95;1379.00;5.95;0
14;nuclear_reactor;1622.00;9.80;1386.00;2.33;0
15;arms_factory;1570.00;9.65;1411.00;0.48;0
15;arms_factory;1580.00;9.60;1416.00;3.14;0
15;arms_factory;1580.00;9.70;1418.00;5.81;0
15;arms_factory;1577.00;9.65;1422.00;2.54;0
15;arms_factory;1581.00;9.98;1406.00;5.21;0
15;arms_factory;1584.00;9.80;1413.00;1.59;0
15;industrial_complex;1586.00;9.75;1416.00;4.25;0
15;industrial_complex;1571.00;9.50;1423.00;0.99;0
15;industrial_complex;1584.00;10.10;1402.00;3.66;0
15;industrial_complex;1583.00;10.15;1405.00;0.04;0
15;industrial_complex;1567.00;9.70;1412.00;2.70;0
15;industrial_complex;1563.00;9.55;1416.00;5.72;0
15;air_base;1574.00;9.70;1418.00;0.64;0
15;bunker;1589.00;10.30;1406.00;4.76;0
15;bunker;1579.00;9.70;1421.00;2.61;0
15;bunker;1576.00;9.70;1420.00;2.71;0
15;bunker;1571.00;9.70;1416.00;0.55;0
15;bunker;1577.00;9.80;1407.00;3.21;0
15;bunker;1584.00;10.00;1400.00;4.77;0
15;bunker;1578.00;9.68;1417.00;1.16;0
15;bunker;1572.00;9.70;1408.00;5.28;0
15;bunker;1571.00;9.70;1404.00;0.20;0
15;bunker;1580.00;9.70;1412.00;3.22;0
15;bunker;1567.00;9.70;1413.00;5.88;0
15;bunker;1567.00;9.70;1410.00;2.26;0
15;bunker;1568.00;9.70;1418.00;0.11;0
15;bunker;1583.00;9.70;1414.00;1.67;0
15;bunker;1578.00;9.85;1406.00;5.79;0
15;bunker;1575.00;9.60;1413.00;0.71;0
15;bunker;1585.00;9.70;1422.00;4.83;0
15;bunker;1579.00;9.65;1424.00;0.11;0
15;bunker;1583.00;9.50;1429.00;2.78;0
15;bunker;1566.00;9.70;1409.00;5.44;0
15;anti_air_building;1574.00;9.70;1420.00;2.17;0
15;anti_air_building;1581.00;9.65;1427.00;3.38;0
15;anti_air_building;1573.00;9.70;1413.00;1.22;0
15;synthetic_refinery;1576.00;9.65;1412.00;5.34;0
15;fuel_silo;1573.00;9.70;1416.00;5.45;0
15;radar_station;1576.00;9.70;1415.00;4.25;0
15;rocket_site;1564.00;9.68;1408.00;5.95;0
15;nuclear_reactor;1568.00;9.70;1407.00;2.33;0
16;arms_factory;1734.00;15.15;1257.00;5.81;0
16;arms_factory;1735.00;15.30;1258.00;2.54;0
16;arms_factory;1727.00;14.03;1242.00;5.21;0
16;arms_factory;1726.00;13.80;1244.00;1.59;0
16;arms_factory;1736.00;12.80;1236.00;4.25;0
16;arms_factory;1741.00;13.40;1259.00;0.99;0
16;industrial_complex;1736.00;14.40;1261.00;3.66;0
16;industrial_complex;1743.00;12.40;1256.00;0.04;0
16;industrial_complex;1737.00;13.90;1243.00;2.70;0
16;industrial_complex;1741.00;12.10;1237.00;5.72;0
16;industrial_complex;1739.00;12.45;1239.00;0.64;0
16;industrial_complex;1737.00;13.35;1223.00;4.76;0
16;air_base;1734.00;14.90;1254.00;2.61;0
16;bunker;1737.00;14.80;1255.00;2.71;0
16;bunker;1736.00;14.40;1261.00;0.55;0
16;bunker;1730.00;14.70;1241.00;3.21;0
16;bunker;1742.00;13.60;1225.00;4.77;0
16;bunker;1746.00;10.75;1245.00;1.16;0
16;bunker;1732.00;15.10;1246.00;5.28;0
16;bunker;1740.00;12.30;1240.00;0.20;0
16;bunker;1734.00;12.65;1231.00;3.22;0
16;bunker;1740.00;12.45;1233.00;5.88;0
16;bunker;1738.00;14.23;1248.00;2.26;0
16;bunker;1733.00;13.90;1240.00;0.11;0
16;bunker;1739.00;12.80;1241.00;1.67;0
16;bunker;1744.00;11.65;1247.00;5.79;0
16;bunker;1732.00;14.80;1249.00;0.71;0
16;anti_air_building;1742.00;11.95;1239.00;4.83;0
16;anti_air_building;1746.00;11.20;1240.00;0.11;0
16;anti_air_building;1736.00;12.60;1231.00;2.78;0
16;synthetic_refinery;1732.00;15.10;1256.00;5.44;0
16;fuel_silo;1735.00;15.00;1250.00;2.17;0
16;radar_station;1738.00;13.50;1243.00;5.77;0
16;rocket_site;1732.00;14.68;1242.00;1.22;0
16;nuclear_reactor;1736.00;12.80;1235.00;5.34;0
17;arms_factory;1667.00;10.48;1236.00;1.59;0
17;arms_factory;1647.00;10.85;1273.00;4.25;0
17;arms_factory;1669.00;10.70;1249.00;0.99;0
17;arms_factory;1659.00;10.48;1244.00;3.66;0
17;arms_factory;1656.00;10.50;1234.00;0.04;0
17;arms_factory;1670.00;10.90;1255.00;2.70;0
17;industrial_complex;1647.00;10.25;1246.00;5.72;0
17;industrial_complex;1653.00;10.40;1241.00;0.64;0
17;industrial_complex;1668.00;11.43;1262.00;4.76;0
17;industrial_complex;1648.00;10.20;1258.00;2.61;0
17;industrial_complex;1667.00;10.50;1242.00;2.71;0
17;industrial_complex;1650.00;10.70;1270.00;0.55;0
17;air_base;1659.00;10.82;1260.00;3.21;0
17;bunker;1657.00;10.40;1247.00;4.77;0
17;bunker;1663.00;10.90;1257.00;1.16;0
17;bunker;1679.00;10.40;1247.00;5.28;0
17;bunker;1651.00;10.30;1243.00;0.20;0
17;bunker;1664.00;10.45;1230.00;3.22;0
17;bunker;1652.00;10.60;1265.00;5.88;0
17;bunker;1649.00;10.20;1257.00;2.26;0
17;bunker;1669.00;10.90;1255.00;0.11;0
17;bunker;1661.00;10.55;1249.00;1.67;0
17;bunker;1666.00;10.40;1229.00;5.79;0
17;bunker;1667.00;11.45;1262.00;0.71;0
17;bunker;1657.00;10.80;1262.00;4.83;0
17;bunker;1668.00;10.50;1239.00;0.11;0
17;bunker;1656.00;10.40;1254.00;2.78;0
17;bunker;1672.00;10.40;1238.00;5.44;0
17;bunker;1658.00;11.32;1270.00;2.17;0
17;bunker;1655.00;10.50;1236.00;3.38;0
17;bunker;1666.00;10.50;1234.00;1.22;0
17;bunker;1659.00;10.50;1240.00;5.34;0
17;bunker;1646.00;10.20;1262.00;5.45;0
17;bunker;1638.00;10.65;1271.00;3.29;0
17;bunker;1650.00;10.80;1271.00;5.95;0
17;bunker;1650.00;10.30;1262.00;2.33;0
17;bunker;1641.00;10.75;1273.00;3.89;0
17;bunker;1651.00;10.30;1246.00;1.73;0
17;anti_air_building;1662.00;10.55;1246.00;4.40;0
17;anti_air_building;1659.00;11.50;1271.00;0.78;0
17;anti_air_building;1672.00;10.80;1255.00;2.34;0
17;synthetic_refinery;1650.00;10.30;1246.00;0.18;0
17;fuel_silo;1657.00;10.55;1227.00;2.84;0
17;radar_station;1662.00;10.70;1252.00;5.96;0
17;rocket_site;1654.00;10.30;1252.00;2.24;0
17;nuclear_reactor;1660.00;10.50;1237.00;3.45;0
18;arms_factory;1714.00;11.50;1232.00;0.99;0
18;arms_factory;1710.00;11.13;1227.00;3.66;0
18;arms_factory;1702.00;10.70;1241.00;0.04;0
18;arms_factory;1701.00;10.35;1226.00;2.70;0
18;arms_factory;1686.00;10.10;1209.00;5.72;0
18;arms_factory;1722.00;12.55;1232.00;0.64;0
18;industrial_complex;1714.00;11.60;1225.00;4.76;0
18;industrial_complex;1696.00;10.20;1239.00;2.61;0
18;industrial_complex;1718.00;11.98;1227.00;2.71;0
18;industrial_complex;1683.00;10.10;1207.00;0.55;0
18;industrial_complex;1691.00;10.20;1236.00;3.21;0
18;industrial_complex;1683.00;10.10;1219.00;4.77;0
18;air_base;1695.00;10.18;1237.00;1.16;0
18;bunker;1694.00;10.00;1232.00;5.28;0
18;bunker;1703.00;10.57;1221.00;0.20;0
18;bunker;1706.00;10.85;1235.00;3.22;0
18;bunker;1684.00;10.10;1210.00;5.88;0
18;bunker;1678.00;10.03;1208.00;2.26;0
18;bunker;1707.00;11.05;1234.00;0.11;0
18;bunker;1688.00;10.05;1220.00;1.67;0
18;bunker;1712.00;11.55;1234.00;5.79;0
18;bunker;1727.00;12.85;1222.00;0.71;0
18;bunker;1722.00;12.45;1227.00;4.83;0
18;bunker;1673.00;10.00;1214.00;0.11;0
18;bunker;1731.00;12.80;1224.00;2.78;0
18;bunker;1702.00;10.60;1233.00;5.44;0
18;bunker;1714.00;11.55;1230.00;2.17;0
18;bunker;1668.00;10.15;1222.00;3.38;0
18;bunker;1678.00;10.10;1221.00;1.22;0
18;bunker;1681.00;10.10;1229.00;5.34;0
18;bunker;1722.00;12.65;1235.00;5.45;0
18;bunker;1688.00;10.25;1245.00;3.29;0
18;bunker;1690.00;10.00;1221.00;5.95;0
18;bunker;1699.00;10.40;1237.00;2.33;0
18;bunker;1718.00;12.30;1240.00;3.89;0
18;bunker;1709.00;11.00;1228.00;1.73;0
18;bunker;1688.00;10.20;1238.00;4.40;0
18;bunker;1680.00;10.05;1215.00;0.78;0
18;bunker;1686.00;10.10;1226.00;2.34;0
18;bunker;1694.00;10.10;1215.00;0.18;0
18;bunker;1724.00;12.80;1234.00;2.84;0
18;bunker;1709.00;11.45;1242.00;5.50;0
18;bunker;1691.00;10.10;1215.00;2.24;0
18;bunker;1692.00;10.18;1237.00;3.45;0
18;bunker;1719.00;12.15;1227.00;1.29;0
18;anti_air_building;1714.00;11.75;1236.00;2.85;0
18;anti_air_building;1687.00;10.07;1221.00;5.51;0
18;anti_air_building;1705.00;10.85;1242.00;1.90;0
18;synthetic_refinery;1707.00;10.80;1223.00;6.02;0
18;fuel_silo;1686.00;10.10;1210.00;6.12;0
18;radar_station;1700.00;10.28;1226.00;6.20;0
18;rocket_site;1670.00;10.18;1225.00;1.80;0
18;nuclear_reactor;1704.00;10.80;1239.00;4.46;0
19;arms_factory;1748.00;10.95;1358.00;0.04;0
19;arms_factory;1733.00;11.10;1360.00;2.70;0
19;arms_factory;1717.00;11.32;1388.00;5.72;0
19;arms_factory;1740.00;10.40;1398.00;0.64;0
19;arms_factory;1741.00;10.70;1347.00;4.76;0
19;arms_factory;1714.00;11.40;1382.00;2.61;0
19;industrial_complex;1723.00;11.30;1387.00;2.71;0
19;industrial_complex;1735.00;10.98;1367.00;0.55;0
19;industrial_complex;1724.00;11.10;1375.00;3.21;0
19;industrial_complex;1739.00;11.15;1354.00;4.77;0
19;industrial_complex;1753.00;10.90;1357.00;1.16;0
19;industrial_complex;1746.00;11.10;1364.00;5.28;0
19;air_base;1727.00;10.40;1396.00;0.20;0
19;bunker;1750.00;10.70;1406.00;3.22;0
19;bunker;1723.00;10.90;1394.00;5.88;0
19;bunker;1728.00;10.85;1367.00;2.26;0
19;bunker;1735.00;10.95;1368.00;0.11;0
19;bunker;1729.00;11.15;1384.00;1.67;0
19;bunker;1742.00;10.65;1346.00;5.79;0
19;bunker;1753.00;10.93;1359.00;0.71;0
19;bunker;1740.00;11.20;1360.00;4.83;0
19;bunker;1738.00;10.95;1372.00;0.11;0
19;bunker;1723.00;11.05;1372.00;2.78;0
19;bunker;1728.00;11.05;1375.00;5.44;0
19;bunker;1738.00;11.28;1359.00;2.17;0
19;bunker;1748.00;10.88;1356.00;3.38;0
19;bunker;1730.00;11.10;1360.00;1.22;0
19;bunker;1727.00;10.60;1393.00;5.34;0
19;bunker;1746.00;10.60;1404.00;5.45;0
19;bunker;1740.00;10.57;1395.00;3.29;0
19;bunker;1729.00;11.15;1380.00;5.95;0
19;bunker;1741.00;10.90;1375.00;2.33;0
19;bunker;1741.00;11.20;1356.00;3.89;0
19;bunker;1750.00;10.70;1352.00;1.73;0
19;bunker;1745.00;11.10;1365.00;4.40;0
19;bunker;1721.00;10.90;1368.00;0.78;0
19;bunker;1726.00;11.10;1390.00;2.34;0
19;bunker;1716.00;11.40;1384.00;0.18;0
19;bunker;1747.00;10.75;1346.00;2.84;0
19;bunker;1735.00;10.30;1395.00;5.50;0
19;bunker;1719.00;11.30;1381.00;2.24;0
19;bunker;1738.00;10.25;1399.00;3.45;0
19;bunker;1739.00;10.65;1385.00;1.29;0
19;bunker;1719.00;11.25;1377.00;2.85;0
19;bunker;1732.00;10.55;1391.00;5.51;0
19;bunker;1718.00;11.38;1385.00;1.90;0
19;bunker;1735.00;10.70;1386.00;6.02;0
19;bunker;1740.00;10.60;1383.00;6.12;0
19;anti_air_building;1717.00;11.40;1382.00;3.96;0
19;anti_air_building;1740.00;11.15;1364.00;1.80;0
19;anti_air_building;1728.00;10.85;1368.00;4.46;0
19;synthetic_refinery;1746.00;10.80;1343.00;6.03;0
19;fuel_silo;1742.00;11.10;1354.00;2.41;0
19;radar_station;1733.00;10.93;1376.00;1.33;0
19;rocket_site;1733.00;10.53;1392.00;1.45;0
19;nuclear_reactor;1729.00;10.40;1396.00;4.47;0
20;arms_factory;1717.00;10.00;1407.00;5.72;0
20;arms_factory;1729.00;9.80;1412.00;0.64;0
20;arms_factory;1717.00;9.80;1414.00;4.76;0
20;arms_factory;1721.00;9.75;1417.00;2.61;0
20;arms_factory;1718.00;10.10;1405.00;2.71;0
20;arms_factory;1718.00;9.80;1416.00;0.55;0
20;industrial_complex;1711.00;10.40;1402.00;3.21;0
20;industrial_complex;1715.00;10.20;1407.00;4.77;0
20;industrial_complex;1727.00;10.20;1399.00;1.16;0
20;industrial_complex;1719.00;9.80;1413.00;5.28;0
20;industrial_complex;1725.00;9.78;1416.00;0.20;0
20;industrial_complex;1745.00;10.25;1414.00;3.22;0
20;air_base;1719.00;9.80;1415.00;5.88;0
20;bunker;1716.00;10.75;1401.00;2.26;0
20;bunker;1728.00;9.90;1407.00;0.11;0
20;bunker;1711.00;9.78;1418.00;1.67;0
20;bunker;1702.00;9.90;1416.00;5.79;0
20;bunker;1722.00;9.70;1417.00;0.71;0
20;bunker;1712.00;10.00;1408.00;4.83;0
20;bunker;1735.00;9.90;1412.00;0.11;0
20;bunker;1713.00;11.10;1398.00;2.78;0
20;bunker;1707.00;9.90;1413.00;5.44;0
20;bunker;1709.00;10.75;1400.00;2.17;0
20;bunker;1744.00;10.23;1411.00;3.38;0
20;bunker;1717.00;9.80;1416.00;1.22;0
20;bunker;1712.00;11.32;1393.00;5.34;0
20;bunker;1725.00;9.90;1409.00;5.45;0
20;bunker;1744.00;10.20;1412.00;3.29;0
20;bunker;1728.00;9.80;1415.00;5.95;0
20;bunker;1732.00;9.85;1422.00;2.33;0
20;bunker;1719.00;10.05;1406.00;3.89;0
20;bunker;1713.00;9.90;1411.00;1.73;0
20;bunker;1702.00;10.18;1412.00;4.40;0
20;bunker;1732.00;10.07;1402.00;0.78;0
20;bunker;1715.00;9.80;1416.00;2.34;0
20;anti_air_building;1720.00;10.80;1397.00;0.18;0
20;anti_air_building;1715.00;11.20;1395.00;2.84;0
20;anti_air_building;1707.00;10.80;1400.00;5.50;0
20;synthetic_refinery;1700.00;10.07;1413.00;2.24;0
20;fuel_silo;1708.00;11.40;1395.00;3.45;0
20;radar_station;1723.00;9.85;1410.00;1.85;0
20;rocket_site;1706.00;10.80;1399.00;2.85;0
20;nuclear_reactor;1742.00;10.10;1411.00;5.51;0
21;arms_factory;1660.00;10.95;1390.00;4.76;0
21;arms_factory;1664.00;11.20;1387.00;2.61;0
21;arms_factory;1659.00;10.55;1396.00;2.71;0
21;arms_factory;1667.00;10.90;1392.00;0.55;0
21;arms_factory;1677.00;11.55;1384.00;3.21;0
21;arms_factory;1668.00;11.40;1383.00;4.77;0
21;industrial_complex;1678.00;11.15;1388.00;1.16;0
21;industrial_complex;1663.00;10.55;1399.00;5.28;0
21;industrial_complex;1658.00;11.35;1380.00;0.20;0
21;industrial_complex;1661.00;11.15;1385.00;3.22;0
21;industrial_complex;1651.00;10.90;1388.00;5.88;0
21;industrial_complex;1668.00;10.70;1397.00;2.26;0
21;air_base;1664.00;11.20;1387.00;0.11;0
21;bunker;1654.00;10.95;1388.00;1.67;0
21;bunker;1660.00;10.88;1391.00;5.79;0
21;bunker;1676.00;11.20;1386.00;0.71;0
21;bunker;1665.00;10.60;1397.00;4.83;0
21;bunker;1671.00;11.00;1389.00;0.11;0
21;bunker;1655.00;10.40;1396.00;2.78;0
21;bunker;1666.00;10.50;1401.00;5.44;0
21;bunker;1652.00;10.75;1391.00;2.17;0
21;bunker;1664.00;10.85;1392.00;3.38;0
21;bunker;1671.00;10.80;1394.00;1.22;0
21;bunker;1663.00;10.55;1399.00;5.34;0
21;bunker;1660.00;11.32;1382.00;5.45;0
21;bunker;1651.00;10.40;1396.00;3.29;0
21;bunker;1673.00;10.80;1395.00;5.95;0
21;bunker;1676.00;11.35;1385.00;2.33;0
21;bunker;1674.00;11.50;1383.00;3.89;0
21;bunker;1678.00;11.00;1393.00;1.73;0
21;anti_air_building;1674.00;11.20;1387.00;4.40;0
21;anti_air_building;1645.00;10.25;1394.00;0.78;0
21;anti_air_building;1654.00;11.00;1386.00;2.34;0
21;synthetic_refinery;1668.00;11.10;1390.00;0.18;0
21;fuel_silo;1655.00;10.90;1389.00;2.84;0
21;radar_station;1665.00;11.00;1389.00;5.96;0
21;rocket_site;1665.00;11.35;1383.00;2.24;0
21;nuclear_reactor;1669.00;10.50;1400.00;3.45;0
22;arms_factory;1662.00;10.20;1426.00;2.71;0
22;arms_factory;1662.00;9.85;1413.00;0.55;0
22;arms_factory;1652.00;10.00;1401.00;3.21;0
22;arms_factory;1659.00;10.20;1402.00;4.77;0
22;arms_factory;1662.00;10.30;1403.00;1.16;0
22;arms_factory;1659.00;9.70;1411.00;5.28;0
22;industrial_complex;1662.00;9.85;1413.00;0.20;0
22;industrial_complex;1660.00;9.80;1414.00;3.22;0
22;industrial_complex;1663.00;10.00;1416.00;5.88;0
22;industrial_complex;1660.00;10.07;1404.00;2.26;0
22;industrial_complex;1659.00;9.70;1411.00;0.11;0
22;industrial_complex;1667.00;10.35;1406.00;1.67;0
22;air_base;1661.00;9.80;1414.00;5.79;0
22;bunker;1663.00;10.00;1416.00;0.71;0
22;bunker;1665.00;10.15;1410.00;4.83;0
22;bunker;1660.00;10.25;1402.00;0.11;0
22;bunker;1655.00;9.70;1408.00;2.78;0
22;bunker;1653.00;10.00;1401.00;5.44;0
22;bunker;1667.00;10.05;1421.00;2.17;0
22;bunker;1660.00;10.10;1419.00;3.38;0
22;bunker;1665.00;10.15;1418.00;1.22;0
22;bunker;1661.00;10.30;1422.00;5.34;0
22;bunker;1658.00;9.75;1410.00;5.45;0
22;bunker;1652.00;9.80;1412.00;3.29;0
22;anti_air_building;1652.00;9.90;1405.00;5.95;0
22;anti_air_building;1666.00;10.10;1416.00;2.33;0
22;anti_air_building;1652.00;9.80;1407.00;3.89;0
22;synthetic_refinery;1665.00;10.20;1419.00;1.73;0
22;fuel_silo;1661.00;10.00;1418.00;4.40;0
22;radar_station;1660.00;9.80;1414.00;2.31;0
22;rocket_site;1658.00;10.00;1405.00;2.34;0
22;nuclear_reactor;1653.00;9.80;1407.00;0.18;0
23;arms_factory;1690.00;10.80;1326.00;3.21;0
23;arms_factory;1735.00;12.55;1291.00;4.77;0
23;arms_factory;1725.00;11.10;1306.00;1.16;0
23;arms_factory;1723.00;11.13;1288.00;5.28;0
23;arms_factory;1707.00;10.48;1297.00;0.20;0
23;arms_factory;1709.00;10.82;1309.00;3.22;0
23;industrial_complex;1703.00;10.68;1320.00;5.88;0
23;industrial_complex;1719.00;11.20;1300.00;2.26;0
23;industrial_complex;1704.00;10.70;1312.00;0.11;0
23;industrial_complex;1701.00;10.60;1324.00;1.67;0
23;industrial_complex;1695.00;10.70;1304.00;5.79;0
23;industrial_complex;1740.00;11.80;1307.00;0.71;0
23;air_base;1729.00;12.25;1283.00;4.83;0
23;bunker;1716.00;10.98;1304.00;0.11;0
23;bunker;1708.00;10.50;1297.00;2.78;0
23;bunker;1721.00;11.32;1299.00;5.44;0
23;bunker;1722.00;11.30;1292.00;2.17;0
23;bunker;1709.00;10.80;1305.00;3.38;0
23;bunker;1708.00;10.80;1308.00;1.22;0
23;bunker;1724.00;11.10;1305.00;5.34;0
23;bunker;1698.00;10.70;1316.00;5.45;0
23;bunker;1701.00;10.65;1320.00;3.29;0
23;bunker;1733.00;12.60;1287.00;5.95;0
23;bunker;1735.00;11.50;1309.00;2.33;0
23;bunker;1690.00;10.70;1318.00;3.89;0
23;bunker;1711.00;10.85;1307.00;1.73;0
23;bunker;1693.00;10.70;1304.00;4.40;0
23;bunker;1723.00;11.10;1289.00;0.78;0
23;bunker;1718.00;10.90;1295.00;2.34;0
23;bunker;1727.00;11.60;1297.00;0.18;0
23;bunker;1730.00;12.10;1290.00;2.84;0
23;bunker;1697.00;10.63;1303.00;5.50;0
23;bunker;1693.00;10.73;1325.00;2.24;0
23;bunker;1702.00;10.70;1315.00;3.45;0
23;bunker;1702.00;10.70;1302.00;1.29;0
23;bunker;1690.00;10.80;1326.00;2.85;0
23;bunker;1701.00;10.60;1322.00;5.51;0
23;bunker;1699.00;10.70;1309.00;1.90;0
23;bunker;1744.00;11.90;1305.00;6.02;0
23;bunker;1728.00;11.10;1310.00;6.12;0
23;bunker;1689.00;10.78;1325.00;3.96;0
23;bunker;1737.00;11.55;1311.00;1.80;0
23;anti_air_building;1721.00;11.20;1303.00;4.46;0
23;anti_air_building;1694.00;10.70;1308.00;6.03;0
23;anti_air_building;1692.00;10.70;1324.00;2.41;0
23;synthetic_refinery;1698.00;10.68;1306.00;0.25;0
23;fuel_silo;1734.00;11.60;1307.00;1.45;0
23;radar_station;1717.00;11.00;1305.00;5.74;0
23;rocket_site;1706.00;10.43;1297.00;0.85;0
23;nuclear_reactor;1727.00;11.10;1309.00;3.52;0
24;arms_factory;1686.00;11.30;1346.00;1.16;0
24;arms_factory;1679.00;12.15;1357.00;5.28;0
24;arms_factory;1681.00;11.40;1343.00;0.20;0
24;arms_factory;1696.00;10.90;1349.00;3.22;0
24;arms_factory;1678.00;11.55;1341.00;5.88;0
24;arms_factory;1685.00;11.55;1354.00;2.26;0
24;industrial_complex;1677.00;11.30;1336.00;0.11;0
24;industrial_complex;1692.00;11.00;1344.00;1.67;0
24;industrial_complex;1682.00;12.03;1360.00;5.79;0
24;industrial_complex;1690.00;11.05;1342.00;0.71;0
24;industrial_complex;1680.00;11.95;1353.00;4.83;0
24;industrial_complex;1677.00;11.45;1338.00;0.11;0
24;air_base;1694.00;11.00;1347.00;2.78;0
24;bunker;1683.00;10.85;1333.00;5.44;0
24;bunker;1689.00;11.10;1344.00;2.17;0
24;bunker;1679.00;12.30;1364.00;3.38;0
24;bunker;1683.00;11.70;1351.00;1.22;0
24;bunker;1696.00;10.90;1347.00;5.34;0
24;bunker;1687.00;11.40;1350.00;5.45;0
24;bunker;1688.00;10.85;1335.00;3.29;0
24;bunker;1681.00;11.90;1353.00;5.95;0
24;bunker;1680.00;11.48;1342.00;2.33;0
24;bunker;1692.00;11.00;1348.00;3.89;0
24;bunker;1690.00;10.90;1334.00;1.73;0
24;bunker;1678.00;11.75;1348.00;4.40;0
24;bunker;1683.00;11.32;1341.00;0.78;0
24;bunker;1690.00;11.03;1341.00;2.34;0
24;bunker;1680.00;12.03;1357.00;0.18;0
24;bunker;1683.00;11.05;1336.00;2.84;0
24;bunker;1681.00;11.50;1345.00;5.50;0
24;anti_air_building;1689.00;11.10;1343.00;2.24;0
24;anti_air_building;1686.00;11.45;1352.00;3.45;0
24;anti_air_building;1692.00;10.90;1338.00;1.29;0
24;synthetic_refinery;1690.00;11.10;1348.00;2.85;0
24;fuel_silo;1689.00;10.90;1336.00;5.51;0
24;radar_station;1687.00;11.40;1349.00;4.03;0
24;rocket_site;1683.00;10.80;1332.00;6.02;0
24;nuclear_reactor;1680.00;11.65;1348.00;6.12;0
25;arms_factory;1653.00;10.95;1354.00;0.20;0
25;arms_factory;1665.00;11.75;1363.00;3.22;0
25;arms_factory;1666.00;12.05;1374.00;5.88;0
25;arms_factory;1658.00;11.15;1355.00;2.26;0
25;arms_factory;1679.00;12.25;1374.00;0.11;0
25;arms_factory;1664.00;10.43;1335.00;1.67;0
25;industrial_complex;1668.00;11.98;1363.00;5.79;0
25;industrial_complex;1678.00;12.35;1371.00;0.71;0
25;industrial_complex;1659.00;10.25;1342.00;4.83;0
25;industrial_complex;1664.00;11.45;1360.00;0.11;0
25;industrial_complex;1668.00;12.07;1371.00;2.78;0
25;industrial_complex;1669.00;11.55;1343.00;5.44;0
25;air_base;1657.00;10.80;1353.00;2.17;0
25;bunker;1666.00;11.75;1379.00;3.38;0
25;bunker;1654.00;10.80;1353.00;1.22;0
25;bunker;1661.00;11.75;1374.00;5.34;0
25;bunker;1659.00;11.30;1359.00;5.45;0
25;bunker;1670.00;11.50;1341.00;3.29;0
25;bunker;1664.00;11.13;1346.00;5.95;0
25;bunker;1665.00;11.40;1353.00;2.33;0
25;bunker;1670.00;11.20;1338.00;3.89;0
25;bunker;1655.00;11.00;1356.00;1.73;0
25;bunker;1655.00;10.80;1353.00;4.40;0
25;bunker;1676.00;12.30;1370.00;0.78;0
25;bunker;1677.00;12.32;1371.00;2.34;0
25;bunker;1655.00;10.60;1350.00;0.18;0
25;bunker;1672.00;11.90;1348.00;2.84;0
25;anti_air_building;1654.00;11.18;1359.00;5.50;0
25;anti_air_building;1659.00;10.35;1344.00;2.24;0
25;anti_air_building;1663.00;10.80;1345.00;3.45;0
25;synthetic_refinery;1666.00;11.90;1363.00;1.29;0
25;fuel_silo;1668.00;11.50;1346.00;2.85;0
25;radar_station;1663.00;11.45;1358.00;1.09;0
25;rocket_site;1674.00;12.40;1364.00;1.90;0
25;nuclear_reactor;1665.00;10.50;1335.00;6.02;0
26;arms_factory;1614.00;9.90;1310.00;5.88;0
26;arms_factory;1626.00;10.05;1289.00;2.26;0
26;arms_factory;1633.00;10.45;1305.00;0.11;0
26;arms_factory;1625.00;9.90;1310.00;1.67;0
26;arms_factory;1644.00;11.00;1289.00;5.79;0
26;arms_factory;1615.00;9.90;1314.00;0.71;0
26;industrial_complex;1616.00;9.80;1322.00;4.83;0
26;industrial_complex;1613.00;9.80;1291.00;0.11;0
26;industrial_complex;1616.00;9.85;1320.00;2.78;0
26;industrial_complex;1602.00;9.90;1286.00;5.44;0
26;industrial_complex;1612.00;10.00;1305.00;2.17;0
26;industrial_complex;1598.00;9.90;1285.00;3.38;0
26;air_base;1629.00;9.95;1284.00;1.22;0
26;bunker;1609.00;10.00;1306.00;5.34;0
26;bunker;1618.00;9.80;1287.00;5.45;0
26;bunker;1628.00;10.50;1299.00;3.29;0
26;bunker;1599.00;10.20;1305.00;5.95;0
26;bunker;1638.00;10.05;1310.00;2.33;0
26;bunker;1635.00;10.35;1306.00;3.89;0
26;bunker;1610.00;9.90;1310.00;1.73;0
26;bunker;1626.00;9.85;1281.00;4.40;0
26;bunker;1629.00;10.30;1289.00;0.78;0
26;bunker;1616.00;9.90;1303.00;2.34;0
26;bunker;1602.00;9.80;1279.00;0.18;0
26;bunker;1634.00;10.60;1288.00;2.84;0
26;bunker;1614.00;9.90;1298.00;5.50;0
26;bunker;1611.00;9.80;1289.00;2.24;0
26;bunker;1638.00;10.65;1293.00;3.45;0
26;bunker;1630.00;10.50;1297.00;1.29;0
26;bunker;1606.00;9.90;1294.00;2.85;0
26;bunker;1596.00;9.90;1293.00;5.51;0
26;bunker;1636.00;10.50;1283.00;1.90;0
26;bunker;1603.00;10.05;1303.00;6.02;0
26;bunker;1623.00;9.90;1289.00;6.12;0
26;bunker;1616.00;9.90;1319.00;3.96;0
26;bunker;1608.00;10.30;1318.00;1.80;0
26;bunker;1597.00;10.10;1304.00;4.46;0
26;bunker;1617.00;9.80;1296.00;6.03;0
26;bunker;1631.00;10.10;1276.00;2.41;0
26;bunker;1642.00;10.80;1293.00;0.25;0
26;bunker;1627.00;9.85;1312.00;1.45;0
26;bunker;1633.00;10.60;1292.00;4.47;0
26;bunker;1646.00;11.20;1285.00;0.85;0
26;bunker;1593.00;9.90;1290.00;3.52;0
26;bunker;1644.00;10.90;1293.00;5.08;0
26;bunker;1605.00;10.10;1309.00;2.92;0
26;bunker;1613.00;9.90;1311.00;5.58;0
26;bunker;1621.00;9.90;1307.00;1.96;0
26;bunker;1598.00;9.90;1284.00;4.98;0
26;bunker;1613.00;9.80;1285.00;6.19;0
26;bunker;1606.00;9.80;1284.00;4.03;0
26;bunker;1639.00;10.80;1302.00;0.41;0
26;bunker;1628.00;10.30;1304.00;1.97;0
26;bunker;1608.00;10.28;1320.00;4.63;0
26;bunker;1620.00;9.80;1286.00;2.47;0
26;bunker;1639.00;10.00;1316.00;5.14;0
26;bunker;1598.00;9.90;1286.00;0.41;0
26;bunker;1615.00;9.90;1313.00;4.54;0
26;bunker;1623.00;9.82;1317.00;0.92;0
26;bunker;1602.00;10.30;1314.00;2.48;0
26;bunker;1620.00;9.90;1307.00;5.14;0
26;bunker;1645.00;10.60;1305.00;2.98;0
26;anti_air_building;1598.00;9.90;1295.00;4.19;0
26;anti_air_building;1606.00;10.05;1308.00;0.92;0
26;anti_air_building;1596.00;9.80;1281.00;3.59;0
26;synthetic_refinery;1600.00;9.90;1297.00;6.25;0
26;fuel_silo;1630.00;9.90;1312.00;2.64;0
26;radar_station;1620.00;10.00;1301.00;0.59;0
26;rocket_site;1603.00;10.00;1302.00;2.04;0
26;nuclear_reactor;1619.00;9.80;1284.00;4.70;0
27;arms_factory;1692.00;10.32;1280.00;0.11;0
27;arms_factory;1706.00;10.10;1279.00;1.67;0
27;arms_factory;1680.00;10.90;1309.00;5.79;0
27;arms_factory;1687.00;10.43;1296.00;0.71;0
27;arms_factory;1715.00;10.20;1285.00;4.83;0
27;arms_factory;1684.00;10.90;1280.00;0.11;0
27;industrial_complex;1695.00;10.32;1277.00;2.78;0
27;industrial_complex;1676.00;10.40;1319.00;5.44;0
27;industrial_complex;1682.00;10.80;1305.00;2.17;0
27;industrial_complex;1683.00;10.70;1289.00;3.38;0
27;industrial_complex;1719.00;10.55;1281.00;1.22;0
27;industrial_complex;1697.00;10.30;1281.00;5.34;0
27;air_base;1679.00;10.55;1324.00;5.45;0
27;bunker;1685.00;10.70;1316.00;3.29;0
27;bunker;1699.00;10.30;1282.00;5.95;0
27;bunker;1680.00;11.30;1280.00;2.33;0
27;bunker;1684.00;10.70;1309.00;3.89;0
27;bunker;1686.00;10.40;1290.00;1.73;0
27;bunker;1704.00;10.30;1287.00;4.40;0
27;bunker;1683.00;10.65;1290.00;0.78;0
27;bunker;1711.00;10.15;1287.00;2.34;0
27;bunker;1674.00;10.70;1331.00;0.18;0
27;bunker;1711.00;10.20;1278.00;2.84;0
27;bunker;1685.00;10.60;1273.00;5.50;0
27;bunker;1677.00;10.50;1317.00;2.24;0
27;bunker;1683.00;10.60;1300.00;3.45;0
27;bunker;1698.00;10.30;1291.00;1.29;0
27;bunker;1700.00;10.35;1294.00;2.85;0
27;bunker;1680.00;10.50;1298.00;5.51;0
27;bunker;1717.00;10.35;1281.00;1.90;0
27;bunker;1676.00;10.45;1326.00;6.02;0
27;bunker;1694.00;10.25;1286.00;6.12;0
27;bunker;1708.00;10.10;1282.00;3.96;0
27;bunker;1669.00;10.70;1333.00;1.80;0
27;bunker;1695.00;10.30;1279.00;4.46;0
27;anti_air_building;1687.00;10.48;1299.00;6.03;0
27;anti_air_building;1713.00;10.10;1285.00;2.41;0
27;anti_air_building;1681.00;11.10;1283.00;0.25;0
27;synthetic_refinery;1692.00;10.32;1280.00;1.45;0
27;fuel_silo;1681.00;10.68;1318.00;4.47;0
27;radar_station;1692.00;10.60;1301.00;2.04;0
27;rocket_site;1693.00;10.25;1286.00;3.52;0
27;nuclear_reactor;1716.00;10.20;1281.00;5.08;0
28;arms_factory;1663.00;10.70;1312.00;5.79;0
28;arms_factory;1653.00;10.05;1340.00;0.71;0
28;arms_factory;1670.00;10.15;1321.00;4.83;0
28;arms_factory;1675.00;11.80;1281.00;0.11;0
28;arms_factory;1652.00;10.80;1302.00;2.78;0
28;arms_factory;1666.00;11.65;1293.00;5.44;0
28;industrial_complex;1655.00;10.53;1312.00;2.17;0
28;industrial_complex;1650.00;10.10;1337.00;3.38;0
28;industrial_complex;1660.00;10.25;1321.00;1.22;0
28;industrial_complex;1665.00;11.73;1282.00;5.34;0
28;industrial_complex;1658.00;11.10;1304.00;5.45;0
28;industrial_complex;1647.00;10.80;1299.00;3.29;0
28;air_base;1673.00;10.25;1315.00;5.95;0
28;bunker;1658.00;10.10;1336.00;2.33;0
28;bunker;1659.00;11.30;1287.00;3.89;0
28;bunker;1668.00;11.60;1293.00;1.73;0
28;bunker;1655.00;11.35;1291.00;4.40;0
28;bunker;1671.00;10.20;1313.00;0.78;0
28;bunker;1654.00;10.30;1315.00;2.34;0
28;bunker;1674.00;11.60;1286.00;0.18;0
28;bunker;1652.00;10.95;1298.00;2.84;0
28;bunker;1665.00;10.30;1316.00;5.50;0
28;bunker;1655.00;11.00;1303.00;2.24;0
28;bunker;1677.00;10.73;1307.00;3.45;0
28;bunker;1660.00;11.35;1287.00;1.29;0
28;bunker;1658.00;11.10;1304.00;2.85;0
28;bunker;1659.00;10.70;1313.00;5.51;0
28;bunker;1656.00;11.40;1283.00;1.90;0
28;bunker;1655.00;10.13;1321.00;6.02;0
28;bunker;1655.00;10.00;1337.00;6.12;0
28;bunker;1658.00;11.30;1288.00;3.96;0
28;bunker;1664.00;11.10;1307.00;1.80;0
28;bunker;1653.00;10.10;1321.00;4.46;0
28;bunker;1650.00;10.00;1319.00;6.03;0
28;bunker;1660.00;11.50;1294.00;2.41;0
28;bunker;1672.00;11.90;1279.00;0.25;0
28;bunker;1672.00;11.20;1297.00;1.45;0
28;bunker;1665.00;10.20;1326.00;4.47;0
28;bunker;1649.00;10.40;1308.00;0.85;0
28;bunker;1659.00;10.30;1320.00;3.52;0
28;bunker;1664.00;11.80;1272.00;5.08;0
28;bunker;1667.00;11.70;1291.00;2.92;0
28;bunker;1655.00;10.00;1330.00;5.58;0
28;bunker;1649.00;10.10;1333.00;1.96;0
28;bunker;1661.00;10.50;1317.00;4.98;0
28;bunker;1672.00;10.20;1316.00;6.19;0
28;bunker;1649.00;11.30;1283.00;4.03;0
28;anti_air_building;1658.00;11.28;1298.00;0.41;0
28;anti_air_building;1657.00;10.25;1319.00;1.97;0
28;anti_air_building;1670.00;11.90;1277.00;4.63;0
28;synthetic_refinery;1661.00;10.15;1326.00;2.47;0
28;fuel_silo;1651.00;11.30;1289.00;5.14;0
28;radar_station;1663.00;11.10;1307.00;2.58;0
28;rocket_site;1665.00;11.40;1301.00;4.54;0
28;nuclear_reactor;1658.00;10.70;1314.00;0.92;0
29;arms_factory;1655.00;11.25;1377.00;4.83;0
29;arms_factory;1639.00;10.45;1379.00;0.11;0
29;arms_factory;1628.00;10.80;1364.00;2.78;0
29;arms_factory;1628.00;10.10;1374.00;5.44;0
29;arms_factory;1650.00;10.98;1379.00;2.17;0
29;arms_factory;1636.00;10.05;1388.00;3.38;0
29;industrial_complex;1644.00;10.90;1368.00;1.22;0
29;industrial_complex;1657.00;11.30;1375.00;5.34;0
29;industrial_complex;1639.00;10.55;1378.00;5.45;0
29;industrial_complex;1645.00;10.90;1355.00;3.29;0
29;industrial_complex;1627.00;10.13;1373.00;5.95;0
29;industrial_complex;1650.00;11.00;1374.00;2.33;0
29;air_base;1639.00;10.30;1384.00;3.89;0
29;bunker;1648.00;11.05;1367.00;1.73;0
29;bunker;1637.00;10.20;1391.00;4.40;0
29;bunker;1641.00;10.65;1376.00;0.78;0
29;bunker;1628.00;10.60;1367.00;2.34;0
29;bunker;1634.00;9.98;1384.00;0.18;0
29;bunker;1643.00;10.90;1360.00;2.84;0
29;bunker;1643.00;10.48;1390.00;5.50;0
29;bunker;1640.00;10.45;1379.00;2.24;0
29;bunker;1627.00;10.60;1366.00;3.45;0
29;bunker;1653.00;11.20;1366.00;1.29;0
29;bunker;1643.00;10.75;1371.00;2.85;0
29;bunker;1646.00;10.75;1376.00;5.51;0
29;bunker;1631.00;10.70;1365.00;1.90;0
29;bunker;1634.00;10.25;1374.00;6.02;0
29;bunker;1630.00;10.80;1362.00;6.12;0
29;bunker;1641.00;10.40;1381.00;3.96;0
29;bunker;1636.00;10.05;1385.00;1.80;0
29;bunker;1644.00;10.60;1384.00;4.46;0
29;bunker;1651.00;11.05;1379.00;6.03;0
29;bunker;1633.00;9.98;1390.00;2.41;0
29;bunker;1653.00;11.05;1373.00;0.25;0
29;bunker;1644.00;10.75;1353.00;1.45;0
29;bunker;1633.00;10.00;1377.00;4.47;0
29;anti_air_building;1654.00;11.20;1377.00;0.85;0
29;anti_air_building;1635.00;9.95;1387.00;3.52;0
29;anti_air_building;1646.00;10.95;1371.00;5.08;0
29;synthetic_refinery;1654.00;11.10;1373.00;2.92;0
29;fuel_silo;1641.00;10.50;1379.00;5.58;0
29;radar_station;1641.00;10.65;1372.00;2.34;0
29;rocket_site;1628.00;10.30;1370.00;4.98;0
29;nuclear_reactor;1646.00;10.80;1375.00;6.19;0
30;arms_factory;1585.00;9.80;1364.00;2.78;0
30;arms_factory;1559.00;9.70;1397.00;5.44;0
30;arms_factory;1592.00;9.80;1362.00;2.17;0
30;arms_factory;1579.00;9.70;1397.00;3.38;0
30;arms_factory;1602.00;9.80;1377.00;1.22;0
30;arms_factory;1580.00;9.73;1398.00;5.34;0
30;industrial_complex;1590.00;9.70;1377.00;5.45;0
30;industrial_complex;1578.00;9.73;1400.00;3.29;0
30;industrial_complex;1587.00;9.70;1379.00;5.95;0
30;industrial_complex;1596.00;9.80;1364.00;2.33;0
30;industrial_complex;1587.00;9.70;1380.00;3.89;0
30;industrial_complex;1596.00;9.80;1365.00;1.73;0
30;air_base;1583.00;9.70;1386.00;4.40;0
30;bunker;1596.00;9.80;1366.00;0.78;0
30;bunker;1589.00;9.80;1367.00;2.34;0
30;bunker;1575.00;9.70;1399.00;0.18;0
30;bunker;1559.00;9.75;1394.00;2.84;0
30;bunker;1580.00;9.70;1381.00;5.50;0
30;bunker;1579.00;9.80;1373.00;2.24;0
30;bunker;1596.00;9.80;1371.00;3.45;0
30;bunker;1576.00;9.70;1395.00;1.29;0
30;bunker;1601.00;9.80;1364.00;2.85;0
30;bunker;1555.00;9.70;1406.00;5.51;0
30;bunker;1596.00;9.80;1373.00;1.90;0
30;bunker;1593.00;9.70;1382.00;6.02;0
30;bunker;1610.00;10.35;1360.00;6.12;0
30;bunker;1606.00;9.90;1372.00;3.96;0
30;bunker;1548.00;9.70;1405.00;1.80;0
30;bunker;1543.00;9.55;1411.00;4.46;0
30;bunker;1593.00;9.80;1366.00;6.03;0
30;bunker;1585.00;9.70;1376.00;2.41;0
30;bunker;1583.00;9.80;1363.00;0.25;0
30;bunker;1588.00;9.70;1383.00;1.45;0
30;bunker;1551.00;9.80;1398.00;4.47;0
30;bunker;1580.00;9.80;1369.00;0.85;0
30;bunker;1602.00;9.80;1373.00;3.52;0
30;bunker;1553.00;9.80;1394.00;5.08;0
30;bunker;1573.00;9.70;1390.00;2.92;0
30;bunker;1572.00;9.70;1397.00;5.58;0
30;bunker;1578.00;9.70;1387.00;1.96;0
30;bunker;1571.00;9.75;1385.00;4.98;0
30;bunker;1610.00;10.13;1367.00;6.19;0
30;bunker;1585.00;9.70;1385.00;4.03;0
30;bunker;1552.00;9.60;1413.00;0.41;0
30;bunker;1600.00;9.80;1368.00;1.97;0
30;bunker;1598.00;9.75;1376.00;4.63;0
30;bunker;1576.00;9.70;1385.00;2.47;0
30;bunker;1561.00;9.70;1397.00;5.14;0
30;bunker;1612.00;10.35;1365.00;0.41;0
30;bunker;1572.00;9.70;1388.00;4.54;0
30;bunker;1566.00;9.70;1394.00;0.92;0
30;bunker;1578.00;9.70;1393.00;2.48;0
30;bunker;1604.00;9.90;1366.00;5.14;0
30;bunker;1560.00;9.70;1408.00;2.98;0
30;anti_air_building;1591.00;9.80;1363.00;4.19;0
30;anti_air_building;1577.00;9.70;1398.00;0.92;0
30;anti_air_building;1593.00;9.80;1364.00;3.59;0
30;synthetic_refinery;1579.00;9.70;1399.00;6.25;0
30;fuel_silo;1590.00;9.70;1378.00;2.64;0
30;radar_station;1579.00;9.70;1389.00;0.59;0
30;rocket_site;1591.00;9.70;1379.00;2.04;0
30;nuclear_reactor;1572.00;9.70;1400.00;4.70;0
31;arms_factory;1553.00;10.05;1318.00;2.17;0
31;arms_factory;1526.00;9.80;1330.00;3.38;0
31;arms_factory;1550.00;9.80;1309.00;1.22;0
31;arms_factory;1553.00;10.00;1317.00;5.34;0
31;arms_factory;1525.00;9.80;1328.00;5.45;0
31;arms_factory;1567.00;9.90;1304.00;3.29;0
31;industrial_complex;1552.00;9.95;1316.00;5.95;0
31;industrial_complex;1526.00;9.80;1326.00;2.33;0
31;industrial_complex;1567.00;10.30;1308.00;3.89;0
31;industrial_complex;1535.00;9.80;1319.00;1.73;0
31;industrial_complex;1553.00;10.15;1324.00;4.40;0
31;industrial_complex;1566.00;10.05;1306.00;0.78;0
31;air_base;1534.00;9.80;1317.00;2.34;0
31;bunker;1557.00;10.40;1323.00;0.18;0
31;bunker;1532.00;9.80;1326.00;2.84;0
31;bunker;1527.00;10.05;1310.00;5.50;0
31;bunker;1545.00;9.80;1322.00;2.24;0
31;bunker;1568.00;10.40;1324.00;3.45;0
31;bunker;1541.00;9.80;1322.00;1.29;0
31;bunker;1559.00;9.95;1309.00;2.85;0
31;bunker;1555.00;10.00;1313.00;5.51;0
31;bunker;1529.00;9.85;1312.00;1.90;0
31;bunker;1550.00;9.90;1323.00;6.02;0
31;bunker;1570.00;10.20;1306.00;6.12;0
31;bunker;1542.00;9.80;1322.00;3.96;0
31;bunker;1557.00;10.40;1330.00;1.80;0
31;bunker;1554.00;10.35;1328.00;4.46;0
31;bunker;1544.00;9.80;1313.00;6.03;0
31;bunker;1553.00;10.00;1317.00;2.41;0
31;bunker;1546.00;9.80;1308.00;0.25;0
31;bunker;1530.00;9.80;1328.00;1.45;0
31;bunker;1549.00;9.80;1308.00;4.47;0
31;bunker;1541.00;9.80;1311.00;0.85;0
31;bunker;1546.00;9.82;1324.00;3.52;0
31;bunker;1529.00;9.90;1336.00;5.08;0
31;bunker;1527.00;9.80;1318.00;2.92;0
31;bunker;1565.00;10.00;1306.00;5.58;0
31;bunker;1546.00;9.95;1331.00;1.96;0
31;bunker;1539.00;9.80;1328.00;4.98;0
31;bunker;1542.00;9.80;1329.00;6.19;0
31;bunker;1568.00;10.30;1309.00;4.03;0
31;bunker;1533.00;9.80;1312.00;0.41;0
31;bunker;1552.00;10.10;1320.00;1.97;0
31;bunker;1561.00;10.20;1313.00;4.63;0
31;bunker;1565.00;10.30;1312.00;2.47;0
31;bunker;1561.00;10.35;1320.00;5.14;0
31;bunker;1565.00;10.40;1326.00;0.41;0
31;bunker;1560.00;10.40;1329.00;4.54;0
31;bunker;1538.00;9.80;1320.00;0.92;0
31;bunker;1570.00;10.25;1308.00;2.48;0
31;bunker;1526.00;9.90;1333.00;5.14;0
31;bunker;1536.00;9.80;1317.00;2.98;0
31;bunker;1528.00;9.80;1326.00;4.19;0
31;bunker;1538.00;9.90;1336.00;0.92;0
31;bunker;1562.00;10.30;1316.00;3.59;0
31;bunker;1567.00;10.20;1315.00;6.25;0
31;bunker;1535.00;9.82;1326.00;2.64;0
31;anti_air_building;1566.00;10.15;1307.00;5.65;0
31;anti_air_building;1534.00;9.80;1318.00;2.04;0
31;anti_air_building;1560.00;10.30;1323.00;4.70;0
31;synthetic_refinery;1565.00;9.90;1305.00;2.54;0
31;fuel_silo;1534.00;9.80;1316.00;4.10;0
31;radar_station;1549.00;9.85;1321.00;0.90;0
31;rocket_site;1562.00;9.70;1304.00;3.15;0
31;nuclear_reactor;1527.00;9.95;1313.00;6.16;0
32;arms_factory;1752.00;11.10;1341.00;1.22;0
32;arms_factory;1767.00;11.28;1321.00;5.34;0
32;arms_factory;1761.00;11.80;1324.00;5.45;0
32;arms_factory;1757.00;11.10;1341.00;3.29;0
32;arms_factory;1768.00;10.70;1316.00;5.95;0
32;arms_factory;1742.00;11.80;1316.00;2.33;0
32;industrial_complex;1747.00;11.45;1329.00;3.89;0
32;industrial_complex;1740.00;11.15;1330.00;1.73;0
32;industrial_complex;1754.00;11.90;1314.00;4.40;0
32;industrial_complex;1726.00;10.90;1318.00;0.78;0
32;industrial_complex;1770.00;10.93;1321.00;2.34;0
32;industrial_complex;1774.00;10.50;1333.00;0.18;0
32;air_base;1760.00;11.00;1341.00;2.84;0
32;bunker;1770.00;10.90;1325.00;5.50;0
32;bunker;1760.00;11.20;1338.00;2.24;0
32;bunker;1736.00;11.10;1326.00;3.45;0
32;bunker;1743.00;11.00;1335.00;1.29;0
32;bunker;1747.00;11.45;1330.00;2.85;0
32;bunker;1757.00;11.90;1320.00;5.51;0
32;bunker;1768.00;11.35;1332.00;1.90;0
32;bunker;1762.00;11.70;1328.00;6.02;0
32;bunker;1735.00;11.15;1324.00;6.12;0
32;bunker;1748.00;11.75;1320.00;3.96;0
32;bunker;1738.00;11.35;1321.00;1.80;0
32;bunker;1755.00;11.20;1339.00;4.46;0
32;bunker;1768.00;11.40;1329.00;6.03;0
32;bunker;1751.00;11.90;1318.00;2.41;0
32;bunker;1754.00;11.05;1343.00;0.25;0
32;bunker;1735.00;11.03;1330.00;1.45;0
32;bunker;1759.00;11.30;1308.00;4.47;0
32;bunker;1749.00;11.95;1312.00;0.85;0
32;bunker;1746.00;11.90;1315.00;3.52;0
32;bunker;1773.00;10.60;1331.00;5.08;0
32;bunker;1757.00;11.50;1332.00;2.92;0
32;bunker;1755.00;11.70;1328.00;5.58;0
32;bunker;1760.00;11.48;1312.00;1.96;0
32;bunker;1766.00;10.60;1310.00;4.98;0
32;bunker;1755.00;11.80;1325.00;6.19;0
32;bunker;1728.00;11.00;1315.00;4.03;0
32;bunker;1731.00;11.10;1314.00;0.41;0
32;bunker;1759.00;11.05;1342.00;1.97;0
32;bunker;1735.00;11.00;1334.00;4.63;0
32;bunker;1771.00;10.95;1337.00;2.47;0
32;anti_air_building;1775.00;10.40;1331.00;5.14;0
32;anti_air_building;1755.00;11.20;1339.00;0.41;0
32;anti_air_building;1764.00;11.60;1325.00;4.54;0
32;synthetic_refinery;1745.00;11.50;1325.00;0.92;0
32;fuel_silo;1762.00;11.20;1339.00;2.48;0
32;radar_station;1752.00;11.73;1326.00;1.05;0
32;rocket_site;1761.00;11.40;1313.00;2.98;0
32;nuclear_reactor;1739.00;11.20;1328.00;4.19;0
33;arms_factory;1544.00;9.80;1293.00;5.45;0
33;arms_factory;1549.00;9.75;1296.00;3.29;0
33;arms_factory;1548.00;9.80;1294.00;5.95;0
33;arms_factory;1545.00;9.80;1294.00;2.33;0
33;arms_factory;1555.00;9.80;1287.00;3.89;0
33;arms_factory;1553.00;9.80;1285.00;1.73;0
33;industrial_complex;1553.00;9.80;1285.00;4.40;0
33;industrial_complex;1549.00;9.80;1290.00;0.78;0
33;industrial_complex;1550.00;9.80;1290.00;2.34;0
33;industrial_complex;1551.00;9.78;1290.00;0.18;0
33;industrial_complex;1549.00;9.80;1292.00;2.84;0
33;industrial_complex;1549.00;9.80;1292.00;5.50;0
33;air_base;1552.00;9.70;1291.00;2.24;0
33;bunker;1550.00;9.70;1297.00;3.45;0
33;bunker;1551.00;9.75;1291.00;1.29;0
33;bunker;1555.00;9.80;1285.00;2.85;0
33;bunker;1551.00;9.75;1293.00;5.51;0
33;bunker;1548.00;9.80;1293.00;1.90;0
33;bunker;1546.00;9.80;1296.00;6.02;0
33;bunker;1554.00;9.80;1284.00;6.12;0
33;bunker;1549.00;9.80;1291.00;3.96;0
33;bunker;1552.00;9.70;1293.00;1.80;0
33;anti_air_building;1550.00;9.80;1294.00;4.46;0
33;anti_air_building;1550.00;9.80;1294.00;6.03;0
33;anti_air_building;1553.00;9.70;1293.00;2.41;0
33;synthetic_refinery;1548.00;9.75;1297.00;0.25;0
33;fuel_silo;1548.00;9.75;1297.00;1.45;0
33;radar_station;1549.00;9.80;1290.00;5.74;0
33;rocket_site;1552.00;9.80;1287.00;0.85;0
33;nuclear_reactor;1554.00;9.70;1289.00;3.52;0
34;arms_factory;1531.00;9.70;1398.00;5.95;0
34;arms_factory;1523.00;9.55;1392.00;2.33;0
34;arms_factory;1564.00;9.80;1380.00;3.89;0
34;arms_factory;1531.00;9.60;1375.00;1.73;0
34;arms_factory;1555.00;9.80;1364.00;4.40;0
34;arms_factory;1542.00;9.80;1394.00;0.78;0
34;industrial_complex;1547.00;9.80;1384.00;2.34;0
34;industrial_complex;1555.00;9.80;1381.00;0.18;0
34;industrial_complex;1545.00;9.80;1369.00;2.84;0
34;industrial_complex;1535.00;9.70;1406.00;5.50;0
34;industrial_complex;1542.00;9.80;1394.00;2.24;0
34;industrial_complex;1565.00;9.80;1382.00;3.45;0
34;air_base;1542.00;9.70;1374.00;1.29;0
34;bunker;1545.00;9.80;1369.00;2.85;0
34;bunker;1537.00;9.80;1398.00;5.51;0
34;bunker;1558.00;9.80;1384.00;1.90;0
34;bunker;1536.00;9.70;1379.00;6.02;0
34;bunker;1530.00;9.70;1395.00;6.12;0
34;bunker;1538.00;9.70;1371.00;3.96;0
34;bunker;1574.00;9.80;1365.00;1.80;0
34;bunker;1545.00;9.80;1396.00;4.46;0
34;bunker;1566.00;9.80;1364.00;6.03;0
34;bunker;1532.00;9.68;1394.00;2.41;0
34;bunker;1575.00;9.80;1376.00;0.25;0
34;bunker;1528.00;9.70;1377.00;1.45;0
34;bunker;1521.00;9.50;1392.00;4.47;0
34;bunker;1523.00;9.70;1378.00;0.85;0
34;bunker;1563.00;9.80;1379.00;3.52;0
34;bunker;1527.00;9.70;1382.00;5.08;0
34;bunker;1550.00;9.80;1378.00;2.92;0
34;bunker;1539.00;9.70;1403.00;5.58;0
34;bunker;1567.00;9.80;1382.00;1.96;0
34;bunker;1545.00;9.80;1387.00;4.98;0
34;bunker;1545.00;9.80;1376.00;6.19;0
34;bunker;1554.00;9.80;1366.00;4.03;0
34;bunker;1533.00;9.55;1408.00;0.41;0
34;bunker;1539.00;9.80;1392.00;1.97;0
34;bunker;1521.00;9.50;1377.00;4.63;0
34;bunker;1555.00;9.80;1383.00;2.47;0
34;bunker;1541.00;9.70;1365.00;5.14;0
34;bunker;1542.00;9.80;1385.00;0.41;0
34;bunker;1548.00;9.80;1391.00;4.54;0
34;bunker;1568.00;9.80;1376.00;0.92;0
34;bunker;1555.00;9.80;1370.00;2.48;0
34;bunker;1534.00;9.70;1386.00;5.14;0
34;bunker;1554.00;9.80;1375.00;2.98;0
34;bunker;1542.00;9.80;1399.00;4.19;0
34;bunker;1553.00;9.80;1388.00;0.92;0
34;bunker;1531.00;9.60;1372.00;3.59;0
34;bunker;1523.00;9.55;1390.00;6.25;0
34;bunker;1527.00;9.68;1402.00;2.64;0
34;bunker;1571.00;9.80;1371.00;5.65;0
34;bunker;1529.00;9.60;1406.00;2.04;0
34;bunker;1527.00;9.70;1394.00;4.70;0
34;bunker;1535.00;9.75;1395.00;2.54;0
34;bunker;1539.00;9.73;1366.00;4.10;0
34;bunker;1532.00;9.70;1403.00;0.48;0
34;bunker;1558.00;9.80;1366.00;3.15;0
34;bunker;1525.00;9.70;1395.00;6.16;0
34;bunker;1565.00;9.70;1390.00;1.09;0
34;anti_air_building;1526.00;9.70;1372.00;5.21;0
34;anti_air_building;1552.00;9.80;1363.00;1.59;0
34;anti_air_building;1538.00;9.80;1394.00;3.15;0
34;synthetic_refinery;1543.00;9.80;1384.00;0.99;0
34;fuel_silo;1559.00;9.80;1375.00;3.66;0
34;radar_station;1550.00;9.80;1385.00;1.13;0
34;rocket_site;1543.00;9.70;1402.00;1.60;0
34;nuclear_reactor;1536.00;9.70;1389.00;5.72;0
35;arms_factory;1716.00;10.75;1316.00;3.89;0
35;arms_factory;1724.00;10.90;1324.00;1.73;0
35;arms_factory;1710.00;10.70;1324.00;4.40;0
35;arms_factory;1712.00;10.70;1323.00;0.78;0
35;arms_factory;1719.00;10.70;1326.00;2.34;0
35;arms_factory;1725.00;10.95;1323.00;0.18;0
35;industrial_complex;1724.00;10.90;1322.00;2.84;0
35;industrial_complex;1709.00;10.70;1323.00;5.50;0
35;industrial_complex;1722.00;10.70;1325.00;2.24;0
35;industrial_complex;1714.00;10.80;1314.00;3.45;0
35;industrial_complex;1728.00;10.95;1329.00;1.29;0
35;industrial_complex;1712.00;10.70;1314.00;2.85;0
35;air_base;1709.00;10.70;1322.00;5.51;0
35;bunker;1718.00;10.75;1324.00;1.90;0
35;bunker;1709.00;10.70;1322.00;6.02;0
35;bunker;1715.00;10.75;1315.00;6.12;0
35;bunker;1723.00;10.82;1318.00;3.96;0
35;bunker;1721.00;10.80;1316.00;1.80;0
35;bunker;1729.00;10.95;1327.00;4.46;0
35;bunker;1714.00;10.80;1331.00;6.03;0
35;bunker;1707.00;10.70;1324.00;2.41;0
35;bunker;1711.00;10.73;1331.00;0.25;0
35;bunker;1724.00;10.90;1323.00;1.45;0
35;bunker;1713.00;10.75;1328.00;4.47;0
35;anti_air_building;1726.00;10.90;1325.00;0.85;0
35;anti_air_building;1712.00;10.70;1329.00;3.52;0
35;anti_air_building;1728.00;10.95;1324.00;5.08;0
35;synthetic_refinery;1712.00;10.70;1327.00;2.92;0
35;fuel_silo;1709.00;10.70;1318.00;5.58;0
35;radar_station;1718.00;10.75;1324.00;2.34;0
35;rocket_site;1715.00;10.80;1331.00;4.98;0
35;nuclear_reactor;1729.00;11.00;1322.00;6.19;0
36;arms_factory;1563.00;9.80;1269.00;4.40;0
36;arms_factory;1558.00;9.80;1277.00;0.78;0
36;arms_factory;1584.00;9.70;1272.00;2.34;0
36;arms_factory;1564.00;9.70;1278.00;0.18;0
36;arms_factory;1582.00;9.80;1285.00;2.84;0
36;arms_factory;1589.00;9.90;1287.00;5.50;0
36;industrial_complex;1578.00;9.80;1284.00;2.24;0
36;industrial_complex;1564.00;9.80;1259.00;3.45;0
36;industrial_complex;1560.00;9.80;1256.00;1.29;0
36;industrial_complex;1570.00;9.80;1298.00;2.85;0
36;industrial_complex;1582.00;9.80;1270.00;5.51;0
36;industrial_complex;1559.00;9.80;1268.00;1.90;0
36;air_base;1576.00;9.80;1273.00;6.02;0
36;bunker;1568.00;9.80;1280.00;6.12;0
36;bunker;1560.00;9.70;1291.00;3.96;0
36;bunker;1575.00;9.80;1262.00;1.80;0
36;bunker;1563.00;9.70;1298.00;4.46;0
36;bunker;1564.00;9.80;1269.00;6.03;0
36;bunker;1587.00;9.80;1282.00;2.41;0
36;bunker;1574.00;9.80;1275.00;0.25;0
36;bunker;1571.00;9.80;1274.00;1.45;0
36;bunker;1571.00;9.80;1299.00;4.47;0
36;bunker;1579.00;9.80;1280.00;0.85;0
36;bunker;1559.00;9.70;1292.00;3.52;0
36;bunker;1578.00;9.80;1293.00;5.08;0
36;bunker;1574.00;9.80;1266.00;2.92;0
36;bunker;1562.00;9.70;1293.00;5.58;0
36;bunker;1562.00;9.80;1265.00;1.96;0
36;bunker;1588.00;9.80;1274.00;4.98;0
36;bunker;1585.00;9.80;1288.00;6.19;0
36;bunker;1560.00;9.80;1256.00;4.03;0
36;bunker;1578.00;9.80;1284.00;0.41;0
36;bunker;1562.00;9.80;1263.00;1.97;0
36;bunker;1569.00;9.80;1288.00;4.63;0
36;bunker;1583.00;9.80;1291.00;2.47;0
36;bunker;1566.00;9.75;1283.00;5.14;0
36;bunker;1576.00;9.80;1291.00;0.41;0
36;bunker;1586.00;9.80;1281.00;4.54;0
36;bunker;1563.00;9.80;1261.00;0.92;0
36;bunker;1559.00;9.80;1283.00;2.48;0
36;bunker;1572.00;9.80;1293.00;5.14;0
36;bunker;1558.00;9.80;1265.00;2.98;0
36;bunker;1559.00;9.70;1300.00;4.19;0
36;bunker;1582.00;9.80;1265.00;0.92;0
36;bunker;1571.00;9.80;1253.00;3.59;0
36;bunker;1579.00;9.80;1269.00;6.25;0
36;bunker;1561.00;9.80;1272.00;2.64;0
36;bunker;1568.00;9.80;1264.00;5.65;0
36;anti_air_building;1559.00;9.80;1282.00;2.04;0
36;anti_air_building;1591.00;9.85;1283.00;4.70;0
36;anti_air_building;1586.00;9.80;1292.00;2.54;0
36;synthetic_refinery;1560.00;9.80;1286.00;4.10;0
36;fuel_silo;1574.00;9.80;1293.00;0.48;0
36;radar_station;1573.00;9.80;1277.00;4.94;0
36;rocket_site;1570.00;9.80;1265.00;6.16;0
36;nuclear_reactor;1562.00;9.80;1262.00;1.09;0
37;arms_factory;1514.00;10.20;1311.00;2.34;0
37;arms_factory;1507.00;9.90;1314.00;0.18;0
37;arms_factory;1507.00;9.80;1334.00;2.84;0
37;arms_factory;1507.00;9.75;1338.00;5.50;0
37;arms_factory;1512.00;9.80;1333.00;2.24;0
37;arms_factory;1521.00;10.25;1310.00;3.45;0
37;industrial_complex;1502.00;9.70;1343.00;1.29;0
37;industrial_complex;1498.00;9.75;1338.00;2.85;0
37;industrial_complex;1486.00;9.60;1331.00;5.51;0
37;industrial_complex;1520.00;10.25;1310.00;1.90;0
37;industrial_complex;1512.00;10.10;1313.00;6.02;0
37;industrial_complex;1473.00;9.70;1335.00;6.12;0
37;air_base;1491.00;9.80;1328.00;3.96;0
37;bunker;1513.00;9.80;1328.00;1.80;0
37;bunker;1520.00;9.90;1342.00;4.46;0
37;bunker;1502.00;9.70;1340.00;6.03;0
37;bunker;1506.00;9.80;1337.00;2.41;0
37;bunker;1489.00;9.80;1335.00;0.25;0
37;bunker;1513.00;9.50;1357.00;1.45;0
37;bunker;1464.00;9.50;1334.00;4.47;0
37;bunker;1496.00;9.80;1325.00;0.85;0
37;bunker;1482.00;9.70;1335.00;3.52;0
37;bunker;1517.00;10.00;1314.00;5.08;0
37;bunker;1497.00;9.70;1344.00;2.92;0
37;bunker;1515.00;9.80;1321.00;5.58;0
37;bunker;1490.00;9.75;1329.00;1.96;0
37;bunker;1508.00;9.70;1343.00;4.98;0
37;bunker;1513.00;9.90;1341.00;6.19;0
37;bunker;1477.00;9.60;1328.00;4.03;0
37;bunker;1506.00;9.80;1317.00;0.41;0
37;bunker;1491.00;9.70;1339.00;1.97;0
37;bunker;1465.00;9.53;1327.00;4.63;0
37;bunker;1484.00;9.70;1338.00;2.47;0
37;bunker;1518.00;9.90;1341.00;5.14;0
37;bunker;1523.00;9.80;1320.00;0.41;0
37;bunker;1495.00;9.50;1351.00;4.54;0
37;bunker;1453.00;9.50;1326.00;0.92;0
37;bunker;1475.00;9.70;1332.00;2.48;0
37;bunker;1480.00;9.70;1337.00;5.14;0
37;bunker;1459.00;9.50;1330.00;2.98;0
37;bunker;1516.00;9.70;1348.00;4.19;0
37;bunker;1520.00;10.20;1311.00;0.92;0
37;bunker;1507.00;9.80;1327.00;3.59;0
37;bunker;1490.00;9.65;1346.00;6.25;0
37;bunker;1516.00;10.20;1312.00;2.64;0
37;bunker;1524.00;9.80;1318.00;5.65;0
37;bunker;1511.00;9.70;1351.00;2.04;0
37;bunker;1469.00;9.70;1332.00;4.70;0
37;bunker;1504.00;9.50;1358.00;2.54;0
37;bunker;1518.00;9.70;1351.00;4.10;0
37;bunker;1478.00;9.65;1340.00;0.48;0
37;bunker;1504.00;9.80;1321.00;3.15;0
37;bunker;1505.00;9.50;1352.00;6.16;0
37;bunker;1481.00;9.70;1342.00;1.09;0
37;bunker;1484.00;9.70;1340.00;5.21;0
37;bunker;1498.00;9.70;1329.00;1.59;0
37;bunker;1521.00;9.90;1339.00;3.15;0
37;bunker;1465.00;9.50;1324.00;0.99;0
37;bunker;1520.00;9.80;1327.00;3.66;0
37;bunker;1496.00;9.80;1336.00;0.04;0
37;bunker;1510.00;9.80;1332.00;1.60;0
37;bunker;1467.00;9.65;1326.00;5.72;0
37;bunker;1501.00;9.80;1317.00;0.65;0
37;bunker;1501.00;9.80;1328.00;4.77;0
37;bunker;1503.00;9.75;1327.00;0.04;0
37;bunker;1511.00;9.80;1321.00;4.17;0
37;bunker;1515.00;10.40;1309.00;5.37;0
37;bunker;1518.00;9.85;1335.00;3.21;0
37;bunker;1522.00;9.93;1346.00;6.23;0
37;bunker;1471.00;9.60;1326.00;1.16;0
37;bunker;1504.00;9.70;1341.00;5.28;0
37;bunker;1523.00;9.90;1342.00;0.55;0
37;anti_air_building;1499.00;9.70;1329.00;3.22;0
37;anti_air_building;1506.00;9.80;1321.00;5.88;0
37;anti_air_building;1516.00;9.80;1321.00;3.73;0
37;synthetic_refinery;1484.00;9.70;1336.00;3.83;0
37;fuel_silo;1505.00;9.80;1331.00;1.67;0
37;radar_station;1488.00;9.75;1335.00;4.97;0
37;rocket_site;1512.00;9.70;1347.00;0.71;0
37;nuclear_reactor;1520.00;9.90;1345.00;3.73;0
38;arms_factory;1538.00;9.90;1353.00;2.84;0
38;arms_factory;1547.00;10.00;1343.00;5.50;0
38;arms_factory;1564.00;9.80;1356.00;2.24;0
38;arms_factory;1568.00;9.75;1355.00;3.45;0
38;arms_factory;1534.00;9.95;1345.00;1.29;0
38;arms_factory;1541.00;9.80;1360.00;2.85;0
38;industrial_complex;1542.00;9.82;1352.00;5.51;0
38;industrial_complex;1543.00;9.80;1345.00;1.90;0
38;industrial_complex;1530.00;9.80;1358.00;6.02;0
38;industrial_complex;1547.00;9.80;1358.00;6.12;0
38;industrial_complex;1542.00;9.85;1350.00;3.96;0
38;industrial_complex;1519.00;9.50;1366.00;1.80;0
38;air_base;1564.00;9.75;1360.00;4.46;0
38;bunker;1527.00;10.00;1346.00;6.03;0
38;bunker;1529.00;9.70;1359.00;2.41;0
38;bunker;1571.00;10.30;1341.00;0.25;0
38;bunker;1541.00;9.80;1354.00;1.45;0
38;bunker;1572.00;10.30;1341.00;4.47;0
38;bunker;1561.00;10.25;1349.00;0.85;0
38;bunker;1527.00;9.65;1359.00;3.52;0
38;bunker;1527.00;9.70;1361.00;5.08;0
38;bunker;1534.00;9.75;1365.00;2.92;0
38;bunker;1518.00;9.65;1361.00;5.58;0
38;bunker;1562.00;10.40;1334.00;1.96;0
38;bunker;1561.00;10.30;1342.00;4.98;0
38;bunker;1570.00;10.30;1330.00;6.19;0
38;bunker;1554.00;10.05;1351.00;4.03;0
38;bunker;1535.00;9.90;1344.00;0.41;0
38;bunker;1544.00;9.85;1344.00;1.97;0
38;bunker;1549.00;9.90;1351.00;4.63;0
38;bunker;1544.00;9.80;1359.00;2.47;0
38;bunker;1559.00;10.40;1337.00;5.14;0
38;bunker;1561.00;10.00;1352.00;0.41;0
38;bunker;1549.00;10.25;1339.00;4.54;0
38;bunker;1550.00;9.80;1359.00;0.92;0
38;bunker;1531.00;9.90;1340.00;2.48;0
38;bunker;1541.00;9.90;1347.00;5.14;0
38;bunker;1556.00;10.30;1344.00;2.98;0
38;bunker;1557.00;9.85;1355.00;4.19;0
38;bunker;1570.00;9.80;1352.00;0.92;0
38;bunker;1528.00;9.90;1353.00;3.59;0
38;bunker;1546.00;9.80;1348.00;6.25;0
38;bunker;1537.00;9.90;1353.00;2.64;0
38;bunker;1568.00;9.70;1360.00;5.65;0
38;bunker;1534.00;9.80;1358.00;2.04;0
38;bunker;1532.00;9.90;1353.00;4.70;0
38;anti_air_building;1565.00;10.40;1343.00;2.54;0
38;anti_air_building;1549.00;9.80;1359.00;4.10;0
38;anti_air_building;1574.00;10.10;1347.00;0.48;0
38;synthetic_refinery;1546.00;9.90;1343.00;3.15;0
38;fuel_silo;1564.00;9.80;1356.00;6.16;0
38;radar_station;1546.00;9.80;1351.00;3.07;0
38;rocket_site;1556.00;10.30;1346.00;5.21;0
38;nuclear_reactor;1541.00;9.80;1360.00;1.59;0
39;arms_factory;1693.00;11.00;1355.00;2.24;0
39;arms_factory;1707.00;10.70;1339.00;3.45;0
39;arms_factory;1688.00;11.80;1369.00;1.29;0
39;arms_factory;1704.00;10.75;1356.00;2.85;0
39;arms_factory;1700.00;10.75;1337.00;5.51;0
39;arms_factory;1697.00;10.88;1367.00;1.90;0
39;industrial_complex;1712.00;10.80;1338.00;6.02;0
39;industrial_complex;1728.00;11.00;1340.00;6.12;0
39;industrial_complex;1705.00;11.30;1374.00;3.96;0
39;industrial_complex;1724.00;11.00;1340.00;1.80;0
39;industrial_complex;1721.00;11.00;1341.00;4.46;0
39;industrial_complex;1727.00;11.25;1351.00;6.03;0
39;air_base;1703.00;10.75;1339.00;2.41;0
39;bunker;1731.00;11.15;1347.00;0.25;0
39;bunker;1701.00;10.65;1329.00;1.45;0
39;bunker;1704.00;10.60;1349.00;4.47;0
39;bunker;1692.00;10.85;1357.00;0.85;0
39;bunker;1722.00;11.05;1353.00;3.52;0
39;bunker;1707.00;11.15;1370.00;5.08;0
39;bunker;1717.00;10.95;1342.00;2.92;0
39;bunker;1707.00;10.70;1337.00;5.58;0
39;bunker;1717.00;10.95;1347.00;1.96;0
39;bunker;1700.00;10.80;1360.00;4.98;0
39;bunker;1708.00;10.80;1342.00;6.19;0
39;bunker;1712.00;10.80;1352.00;4.03;0
39;bunker;1697.00;11.30;1376.00;0.41;0
39;bunker;1701.00;10.70;1357.00;1.97;0
39;bunker;1702.00;11.13;1370.00;4.63;0
39;bunker;1716.00;10.90;1355.00;2.47;0
39;bunker;1730.00;10.95;1334.00;5.14;0
39;bunker;1690.00;11.50;1371.00;0.41;0
39;bunker;1712.00;10.80;1338.00;4.54;0
39;bunker;1714.00;11.10;1370.00;0.92;0
39;bunker;1699.00;10.88;1364.00;2.48;0
39;bunker;1716.00;10.90;1360.00;5.14;0
39;bunker;1729.00;11.10;1342.00;2.98;0
39;bunker;1710.00;10.90;1364.00;4.19;0
39;bunker;1708.00;11.30;1378.00;0.92;0
39;bunker;1698.00;11.00;1368.00;3.59;0
39;bunker;1720.00;10.95;1339.00;6.25;0
39;bunker;1714.00;11.00;1367.00;2.64;0
39;bunker;1697.00;10.70;1352.00;5.65;0
39;bunker;1696.00;10.80;1333.00;2.04;0
39;bunker;1706.00;10.75;1345.00;4.70;0
39;bunker;1729.00;11.25;1348.00;2.54;0
39;bunker;1733.00;11.10;1352.00;4.10;0
39;bunker;1713.00;10.90;1359.00;0.48;0
39;bunker;1701.00;10.80;1342.00;3.15;0
39;bunker;1704.00;10.78;1340.00;6.16;0
39;bunker;1724.00;10.90;1337.00;1.09;0
39;bunker;1692.00;11.40;1372.00;5.21;0
39;bunker;1687.00;11.60;1361.00;1.59;0
39;anti_air_building;1738.00;10.80;1342.00;3.15;0
39;anti_air_building;1696.00;10.70;1359.00;0.99;0
39;anti_air_building;1717.00;10.93;1352.00;3.66;0
39;synthetic_refinery;1727.00;11.20;1345.00;0.04;0
39;fuel_silo;1714.00;10.90;1359.00;1.60;0
39;radar_station;1713.00;10.80;1355.00;0.37;0
39;rocket_site;1688.00;11.75;1366.00;0.65;0
39;nuclear_reactor;1702.00;10.95;1364.00;4.77;0
40;arms_factory;1710.00;12.00;1251.00;1.29;0
40;arms_factory;1727.00;12.20;1270.00;2.85;0
40;arms_factory;1712.00;12.30;1252.00;5.51;0
40;arms_factory;1682.00;10.70;1268.00;1.90;0
40;arms_factory;1689.00;10.40;1258.00;6.02;0
40;arms_factory;1704.00;10.95;1250.00;6.12;0
40;industrial_complex;1726.00;12.55;1268.00;3.96;0
40;industrial_complex;1699.00;10.45;1253.00;1.80;0
40;industrial_complex;1728.00;12.53;1271.00;4.46;0
40;industrial_complex;1688.00;10.40;1256.00;6.03;0
40;industrial_complex;1716.00;12.60;1247.00;2.41;0
40;industrial_complex;1721.00;13.10;1266.00;0.25;0
40;air_base;1713.00;11.70;1257.00;1.45;0
40;bunker;1719.00;11.10;1271.00;4.47;0
40;bunker;1719.00;13.20;1253.00;0.85;0
40;bunker;1702.00;10.50;1264.00;3.52;0
40;bunker;1717.00;12.30;1258.00;5.08;0
40;bunker;1690.00;10.30;1252.00;2.92;0
40;bunker;1703.00;10.75;1255.00;5.58;0
40;bunker;1726.00;11.40;1280.00;1.96;0
40;bunker;1701.00;10.60;1258.00;4.98;0
40;bunker;1681.00;10.50;1259.00;6.19;0
40;bunker;1727.00;15.15;1256.00;4.03;0
40;bunker;1699.00;10.35;1269.00;0.41;0
40;bunker;1701.00;10.50;1251.00;1.97;0
40;bunker;1694.00;10.15;1247.00;4.63;0
40;bunker;1720.00;12.88;1264.00;2.47;0
40;bunker;1681.00;10.40;1250.00;5.14;0
40;bunker;1686.00;10.40;1256.00;0.41;0
40;bunker;1699.00;10.38;1246.00;4.54;0
40;bunker;1713.00;11.60;1256.00;0.92;0
40;bunker;1677.00;10.50;1254.00;2.48;0
40;bunker;1727.00;13.65;1265.00;5.14;0
40;bunker;1681.00;10.70;1267.00;2.98;0
40;bunker;1683.00;10.55;1267.00;4.19;0
40;bunker;1704.00;10.50;1265.00;0.92;0
40;bunker;1706.00;10.80;1261.00;3.59;0
40;bunker;1722.00;12.35;1268.00;6.25;0
40;bunker;1674.00;11.40;1268.00;2.64;0
40;bunker;1709.00;10.65;1264.00;5.65;0
40;bunker;1694.00;10.20;1251.00;2.04;0
40;bunker;1728.00;13.05;1267.00;4.70;0
40;anti_air_building;1698.00;10.40;1255.00;2.54;0
40;anti_air_building;1720.00;10.70;1275.00;4.10;0
40;anti_air_building;1717.00;12.25;1259.00;0.48;0
40;synthetic_refinery;1716.00;12.90;1249.00;3.15;0
40;fuel_silo;1684.00;10.50;1263.00;6.16;0
40;radar_station;1701.00;10.48;1263.00;3.07;0
40;rocket_site;1720.00;10.95;1273.00;5.21;0
40;nuclear_reactor;1719.00;12.80;1257.00;1.59;0
41;arms_factory;550.00;9.50;1918.00;5.51;0
41;arms_factory;1159.00;9.50;2127.00;1.90;0
41;arms_factory;21.00;9.50;2438.00;6.02;0
41;arms_factory;1233.00;9.50;2020.00;6.12;0
41;arms_factory;83.00;9.50;2314.00;3.96;0
41;arms_factory;1233.00;9.50;1347.00;1.80;0
41;industrial_complex;1611.00;9.50;2223.00;4.46;0
41;industrial_complex;1292.00;11.23;1695.00;6.03;0
41;industrial_complex;163.00;9.50;1653.00;2.41;0
41;industrial_complex;478.00;9.50;2400.00;0.25;0
41;industrial_complex;82.00;9.50;1438.00;1.45;0
41;industrial_complex;734.00;9.50;1727.00;4.47;0
41;air_base;168.00;9.50;1317.00;0.85;0
41;bunker;715.00;9.50;1619.00;3.52;0
41;bunker;29.00;9.50;1479.00;5.08;0
41;bunker;649.00;9.50;1352.00;2.92;0
41;bunker;795.00;9.50;1839.00;5.58;0
41;bunker;196.00;9.50;2467.00;1.96;0
41;bunker;979.00;9.50;1488.00;4.98;0
41;bunker;1195.00;9.50;1824.00;6.19;0
41;bunker;368.00;9.50;2267.00;4.03;0
41;bunker;305.00;9.50;2360.00;0.41;0
41;bunker;642.00;9.50;1481.00;1.97;0
41;bunker;1311.00;9.50;1302.00;4.63;0
41;bunker;678.00;9.50;1281.00;2.47;0
41;bunker;1007.00;9.50;1593.00;5.14;0
41;bunker;263.00;9.50;1531.00;0.41;0
41;bunker;257.00;9.50;2368.00;4.54;0
41;bunker;1618.00;9.50;2227.00;0.92;0
41;bunker;1100.00;12.60;2409.00;2.48;0
41;bunker;1173.00;9.50;1477.00;5.14;0
41;bunker;193.00;9.50;1472.00;2.98;0
41;bunker;566.00;9.50;1796.00;4.19;0
41;bunker;227.00;9.50;1636.00;0.92;0
41;bunker;147.00;9.50;1681.00;3.59;0
41;bunker;962.00;9.50;1684.00;6.25;0
41;bunker;1353.00;9.50;1931.00;2.64;0
41;bunker;75.00;9.50;1904.00;5.65;0
41;bunker;1271.00;9.50;1609.00;2.04;0
41;bunker;1250.00;9.50;2027.00;4.70;0
41;bunker;467.00;9.50;1761.00;2.54;0
41;bunker;351.00;9.50;2077.00;4.10;0
41;bunker;514.00;9.50;1685.00;0.48;0
41;bunker;158.00;9.50;2167.00;3.15;0
41;bunker;1081.00;9.50;1397.00;6.16;0
41;bunker;1414.00;10.50;1586.00;1.09;0
41;bunker;316.00;9.50;2483.00;5.21;0
41;bunker;191.00;9.50;1359.00;1.59;0
41;bunker;1657.00;9.50;1544.00;3.15;0
41;bunker;316.00;9.50;1835.00;0.99;0
41;bunker;884.00;9.50;2334.00;3.66;0
41;bunker;602.00;9.50;2247.00;0.04;0
41;bunker;1421.00;9.50;2080.00;1.60;0
41;bunker;1304.00;9.50;2325.00;5.72;0
41;bunker;722.00;9.50;2265.00;0.65;0
41;bunker;1582.00;9.50;2023.00;4.77;0
41;bunker;791.00;9.50;1737.00;0.04;0
41;bunker;1534.00;9.50;1425.00;4.17;0
41;bunker;1214.00;9.50;2261.00;5.37;0
41;bunker;262.00;9.50;2009.00;3.21;0
41;bunker;417.00;9.50;1526.00;6.23;0
41;bunker;792.00;9.50;1959.00;1.16;0
41;bunker;395.00;9.50;2517.00;5.28;0
41;bunker;898.00;9.50;1663.00;0.55;0
41;bunker;605.00;9.50;1644.00;3.22;0
41;bunker;675.00;9.50;1887.00;5.88;0
41;bunker;1392.00;9.50;2189.00;3.73;0
41;bunker;1349.00;11.10;1510.00;3.83;0
41;bunker;516.00;9.50;1638.00;1.67;0
41;bunker;49.00;9.50;2274.00;4.33;0
41;bunker;1204.00;9.50;1787.00;0.71;0
41;bunker;1431.00;9.50;2373.00;3.73;0
41;bunker;8.00;9.50;2363.00;0.11;0
41;bunker;453.00;9.50;1967.00;2.78;0
41;bunker;190.00;9.50;2207.00;5.44;0
41;bunker;71.00;9.50;2494.00;2.17;0
41;bunker;870.00;9.50;1359.00;4.84;0
41;bunker;1633.00;9.50;1869.00;1.23;0
41;bunker;1420.00;9.50;1834.00;2.78;0
41;bunker;1521.00;9.50;1736.00;0.62;0
41;bunker;1213.00;9.50;2330.00;1.83;0
41;bunker;1060.00;9.50;1575.00;5.95;0
41;bunker;849.00;9.50;1532.00;2.68;0
41;bunker;625.00;9.50;1998.00;3.90;0
41;bunker;1613.00;9.50;2460.00;1.73;0
41;bunker;635.00;9.50;2159.00;4.40;0
41;bunker;673.00;9.50;1929.00;5.96;0
41;bunker;1022.00;9.50;1901.00;2.34;0
41;bunker;1036.00;9.50;2027.00;0.18;0
41;bunker;1460.00;9.50;2238.00;1.39;0
41;bunker;969.00;9.50;2287.00;4.40;0
41;bunker;620.00;9.50;2352.00;0.79;0
41;bunker;496.00;9.50;2105.00;4.91;0
41;bunker;129.00;9.50;2164.00;0.18;0
41;bunker;1040.00;9.50;1508.00;2.85;0
41;bunker;320.00;9.50;1358.00;0.69;0
41;bunker;75.00;9.50;2034.00;1.90;0
41;bunker;973.00;9.50;1976.00;4.91;0
41;bunker;499.00;9.50;1884.00;1.29;0
41;bunker;1445.00;9.50;1628.00;3.96;0
41;bunker;832.00;9.50;2096.00;0.34;0
41;bunker;555.00;9.50;1482.00;3.36;0
41;bunker;43.00;9.50;1354.00;4.57;0
41;bunker;1152.00;9.50;1707.00;2.41;0
41;bunker;172.00;9.50;1997.00;0.25;0
41;bunker;1358.00;9.50;1426.00;0.35;0
41;bunker;138.00;9.50;1867.00;4.47;0
41;bunker;1089.00;9.50;2161.00;0.85;0
41;bunker;1423.00;9.50;2023.00;3.87;0
41;bunker;782.00;9.50;2216.00;5.08;0
41;bunker;777.00;9.50;2096.00;2.92;0
41;bunker;723.00;9.50;2319.00;5.58;0
41;bunker;1211.00;9.50;1328.00;0.86;0
41;bunker;661.00;9.50;1679.00;3.52;0
41;bunker;1560.00;9.50;1776.00;1.36;0
41;bunker;108.00;9.50;1778.00;4.03;0
41;bunker;605.00;9.50;2490.00;5.59;0
41;bunker;464.00;9.50;1331.00;3.42;0
41;bunker;1019.00;9.50;2067.00;4.64;0
41;bunker;943.00;9.50;1393.00;2.48;0
41;bunker;1586.00;9.50;1496.00;4.03;0
41;bunker;1393.00;9.50;1840.00;0.41;0
41;bunker;1632.00;9.50;2147.00;3.08;0
41;bunker;952.00;9.50;2405.00;0.92;0
41;bunker;1197.00;9.50;2112.00;1.02;0
41;bunker;132.00;9.50;1537.00;5.15;0
41;bunker;1311.00;12.55;1785.00;2.98;0
41;bunker;1378.00;9.50;2055.00;4.54;0
41;bunker;354.00;9.50;1741.00;0.92;0
41;bunker;460.00;9.50;2342.00;3.59;0
41;bunker;1058.00;9.50;1910.00;1.43;0
41;bunker;1080.00;9.50;2293.00;1.53;0
41;bunker;756.00;9.50;2522.00;5.65;0
41;bunker;1657.00;9.50;1485.00;2.04;0
41;bunker;308.00;9.50;1555.00;4.70;0
41;bunker;974.00;9.50;1802.00;6.26;0
41;bunker;1345.00;13.00;1772.00;4.10;0
41;bunker;1259.00;9.50;1557.00;0.48;0
41;bunker;809.00;9.50;2485.00;3.15;0
41;bunker;392.00;9.50;2181.00;6.16;0
41;bunker;936.00;9.50;2553.00;1.09;0
41;bunker;1489.00;9.50;1375.00;5.22;0
41;bunker;1109.00;9.50;2497.00;0.49;0
41;bunker;1397.00;9.50;1759.00;4.61;0
41;bunker;1458.00;10.10;1526.00;5.82;0
41;bunker;1185.00;11.15;1675.00;3.66;0
41;bunker;1271.00;9.50;2509.00;5.22;0
41;bunker;1583.00;9.50;2352.00;1.60;0
41;bunker;1449.00;9.80;1569.00;5.72;0
41;bunker;1356.00;9.50;2533.00;2.10;0
41;bunker;1471.00;9.50;2522.00;3.66;0
41;bunker;1630.00;9.60;1446.00;0.04;0
41;bunker;1081.00;11.10;1548.00;4.17;0
41;bunker;1214.00;10.10;1663.00;5.38;0
41;bunker;1225.00;9.50;1669.00;2.11;0
41;anti_air_building;924.00;9.50;2345.00;4.78;0
41;anti_air_building;191.00;9.50;1504.00;1.16;0
41;anti_air_building;1480.00;9.50;1666.00;2.71;0
41;synthetic_refinery;307.00;9.50;1383.00;0.55;0
41;fuel_silo;973.00;9.50;1560.00;4.68;0
41;radar_station;849.00;9.50;1915.00;0.05;0
41;rocket_site;71.00;9.50;2269.00;2.62;0
41;nuclear_reactor;1230.00;9.50;1899.00;5.28;0
42;arms_factory;2194.00;10.40;1336.00;2.41;0
42;arms_factory;3582.00;9.80;1667.00;0.25;0
42;arms_factory;2988.00;9.80;1512.00;1.45;0
42;arms_factory;3008.00;10.32;1906.00;4.47;0
42;arms_factory;3392.00;9.60;1631.00;0.85;0
42;arms_factory;2670.00;9.50;1297.00;3.52;0
42;industrial_complex;2982.00;9.80;1758.00;5.08;0
42;industrial_complex;3288.00;9.73;1449.00;2.92;0
42;industrial_complex;3324.00;9.60;1843.00;5.58;0
42;industrial_complex;3007.00;9.80;1606.00;1.96;0
42;industrial_complex;2707.00;9.70;1380.00;4.98;0
42;industrial_complex;3279.00;9.60;1711.00;6.19;0
42;air_base;2897.00;9.50;1427.00;4.03;0
42;bunker;3489.00;9.88;1797.00;0.41;0
42;bunker;2255.00;12.20;1387.00;1.97;0
42;bunker;4041.00;13.48;1887.00;4.63;0
42;bunker;2717.00;10.30;1493.00;2.47;0
42;bunker;2796.00;10.50;1338.00;5.14;0
42;bunker;3075.00;9.70;1668.00;0.41;0
42;bunker;3639.00;9.80;1488.00;4.54;0
42;bunker;4175.00;12.28;1473.00;0.92;0
42;bunker;2106.00;10.25;1602.00;2.48;0
42;bunker;3622.00;9.50;1871.00;5.14;0
42;bunker;3540.00;9.50;1305.00;2.98;0
42;bunker;4213.00;17.45;1637.00;4.19;0
42;bunker;4708.00;9.50;1294.00;0.92;0
42;bunker;2082.00;9.50;1923.00;3.59;0
42;bunker;3684.00;10.07;1540.00;6.25;0
42;bunker;4580.00;10.48;1520.00;2.64;0
42;bunker;4181.00;17.60;1703.00;5.65;0
42;bunker;4701.00;10.30;1458.00;2.04;0
42;bunker;3362.00;9.50;1673.00;4.70;0
42;bunker;3231.00;14.50;1373.00;2.54;0
42;bunker;2750.00;10.40;1504.00;4.10;0
42;bunker;3737.00;13.73;1438.00;0.48;0
42;bunker;1667.00;9.95;1942.00;3.15;0
42;bunker;2754.00;10.00;1797.00;6.16;0
42;bunker;3207.00;9.60;1715.00;1.09;0
42;bunker;4225.00;21.40;1824.00;5.21;0
42;bunker;2887.00;10.00;1822.00;1.59;0
42;bunker;2618.00;9.80;1385.00;3.15;0
42;bunker;3288.00;9.50;1599.00;0.99;0
42;bunker;3798.00;14.05;1839.00;3.66;0
42;bunker;3951.00;10.20;1878.00;0.04;0
42;bunker;2839.00;9.80;1760.00;1.60;0
42;bunker;2019.00;14.15;1333.00;5.72;0
42;bunker;3093.00;11.20;1416.00;0.65;0
42;bunker;3463.00;9.98;1600.00;4.77;0
42;bunker;1936.00;9.70;1493.00;0.04;0
42;bunker;2387.00;10.28;1479.00;4.17;0
42;bunker;4032.00;14.25;1475.00;5.37;0
42;bunker;2252.00;9.70;2021.00;3.21;0
42;bunker;3976.00;14.23;1401.00;6.23;0
42;bunker;3484.00;9.50;1500.00;1.16;0
42;bunker;3893.00;11.93;1433.00;5.28;0
42;bunker;4454.00;9.70;1295.00;0.55;0
42;bunker;4654.00;9.80;1734.00;3.22;0
42;bunker;3769.00;9.80;1701.00;5.88;0
42;bunker;4655.00;22.55;1917.00;3.73;0
42;bunker;2983.00;9.90;1680.00;3.83;0
42;bunker;2535.00;10.10;1485.00;1.67;0
42;bunker;4311.00;13.05;1621.00;4.33;0
42;bunker;1900.00;9.50;1881.00;0.71;0
42;bunker;2465.00;10.70;1847.00;3.73;0
42;bunker;4826.00;11.38;1662.00;0.11;0
42;bunker;4237.00;13.48;1393.00;2.78;0
42;bunker;3122.00;17.60;1373.00;5.44;0
42;bunker;2274.00;10.40;1609.00;2.17;0
42;bunker;3802.00;12.55;1397.00;4.84;0
42;bunker;3027.00;11.40;1913.00;1.23;0
42;bunker;2161.00;9.50;1755.00;2.78;0
42;bunker;4254.00;20.75;1852.00;0.62;0
42;bunker;3696.00;9.80;1680.00;1.83;0
42;bunker;2596.00;10.40;1965.00;5.95;0
42;bunker;4322.00;11.80;1725.00;2.68;0
42;bunker;2018.00;9.50;2043.00;3.90;0
42;bunker;4495.00;9.90;1539.00;1.73;0
42;bunker;1938.00;10.00;1912.00;4.40;0
42;bunker;2989.00;9.50;1328.00;5.96;0
42;bunker;4039.00;13.05;1609.00;2.34;0
42;bunker;3245.00;9.70;1498.00;0.18;0
42;bunker;2271.00;11.55;1412.00;1.39;0
42;bunker;3843.00;9.80;1637.00;4.40;0
42;bunker;4821.00;11.10;1530.00;0.79;0
42;bunker;2173.00;9.68;1875.00;4.91;0
42;bunker;2363.00;13.60;1335.00;0.18;0
42;bunker;2026.00;9.98;1786.00;2.85;0
42;bunker;2564.00;10.00;1404.00;0.69;0
42;bunker;2463.00;10.30;1952.00;1.90;0
42;bunker;3128.00;11.60;1616.00;4.91;0
42;bunker;2812.00;9.95;1600.00;1.29;0
42;bunker;4550.00;9.80;1287.00;3.96;0
42;bunker;3506.00;9.65;1629.00;0.34;0
42;bunker;4539.00;22.30;1869.00;3.36;0
42;bunker;4605.00;10.28;1667.00;4.57;0
42;bunker;2828.00;9.80;1518.00;2.41;0
42;bunker;2581.00;10.00;1768.00;0.25;0
42;bunker;3404.00;10.05;1890.00;0.35;0
42;bunker;4449.00;21.20;1856.00;4.47;0
42;bunker;1908.00;10.53;1934.00;0.85;0
42;bunker;2951.00;10.25;1651.00;3.87;0
42;bunker;4474.00;9.90;1513.00;5.08;0
42;bunker;2693.00;10.10;1986.00;2.92;0
42;bunker;1917.00;9.80;1733.00;5.58;0
42;bunker;3917.00;10.98;1544.00;0.86;0
42;bunker;4794.00;11.98;1293.00;3.52;0
42;bunker;3301.00;9.80;1917.00;1.36;0
42;bunker;1845.00;9.50;1597.00;4.03;0
42;bunker;4108.00;11.45;1296.00;5.59;0
42;bunker;4279.00;15.63;1526.00;3.42;0
42;bunker;2327.00;9.65;1968.00;4.64;0
42;bunker;2330.00;9.95;1594.00;2.48;0
42;bunker;4067.00;17.35;1791.00;4.03;0
42;bunker;4665.00;10.40;1609.00;0.41;0
42;bunker;2694.00;10.30;1692.00;3.08;0
42;bunker;3172.00;9.70;1827.00;0.92;0
42;bunker;2830.00;10.50;2003.00;1.02;0
42;bunker;2616.00;9.90;1662.00;5.15;0
42;bunker;2327.00;9.93;1896.00;2.98;0
42;bunker;4365.00;12.23;1747.00;4.54;0
42;bunker;3560.00;9.85;1760.00;0.92;0
42;bunker;3888.00;10.00;1740.00;3.59;0
42;bunker;2081.00;9.85;1356.00;1.43;0
42;bunker;2909.00;9.70;1404.00;1.53;0
42;bunker;4244.00;12.80;1316.00;5.65;0
42;bunker;4585.00;10.40;1600.00;2.04;0
42;bunker;2466.00;10.50;1783.00;4.70;0
42;bunker;2415.00;9.90;1758.00;6.26;0
42;bunker;2624.00;10.68;1852.00;4.10;0
42;bunker;2977.00;11.40;1972.00;0.48;0
42;bunker;1699.00;9.50;1785.00;3.15;0
42;bunker;3456.00;9.50;1361.00;6.16;0
42;bunker;2978.00;10.20;1643.00;1.09;0
42;bunker;4774.00;9.50;1887.00;5.22;0
42;bunker;3041.00;10.75;1447.00;0.49;0
42;bunker;1721.00;9.50;1651.00;4.61;0
42;bunker;1792.00;9.50;1862.00;5.82;0
42;bunker;2300.00;10.35;1728.00;3.66;0
42;bunker;3073.00;10.35;1992.00;5.22;0
42;bunker;3623.00;9.50;1356.00;1.60;0
42;bunker;3313.00;14.40;2047.00;5.72;0
42;bunker;2011.00;9.70;1610.00;2.10;0
42;bunker;4839.00;9.50;1779.00;3.66;0
42;bunker;2445.00;9.80;1629.00;0.04;0
42;bunker;3390.00;9.90;2042.00;4.17;0
42;bunker;2313.00;9.80;1813.00;5.38;0
42;bunker;2061.00;14.05;1446.00;2.11;0
42;bunker;3424.00;9.50;1415.00;4.78;0
42;bunker;3555.00;9.88;1927.00;1.16;0
42;bunker;3686.00;10.10;1927.00;2.71;0
42;bunker;3817.00;11.60;1927.00;0.55;0
42;bunker;3949.00;11.07;1927.00;4.68;0
42;bunker;4080.00;11.68;1927.00;5.89;0
42;bunker;4211.00;21.20;1927.00;2.62;0
42;bunker;4343.00;20.95;1927.00;5.28;0
42;bunker;4474.00;23.38;1927.00;1.67;0
42;bunker;4605.00;23.50;1927.00;4.33;0
42;bunker;4608.00;23.60;1928.00;1.07;0
42;bunker;4788.00;9.50;1985.00;2.27;0
42;bunker;4787.00;9.50;2049.00;0.11;0
42;bunker;1718.00;9.50;2132.00;2.78;0
42;bunker;1851.00;13.10;2052.00;4.34;0
42;bunker;1939.00;11.50;2094.00;2.17;0
42;bunker;2078.00;9.50;2056.00;4.84;0
42;bunker;2209.00;10.40;2056.00;0.12;0
42;bunker;2340.00;9.80;2056.00;2.78;0
42;bunker;2472.00;10.40;2056.00;0.62;0
42;bunker;2603.00;10.40;2056.00;1.83;0
42;bunker;2734.00;9.90;2056.00;4.85;0
42;bunker;2866.00;10.40;2056.00;1.23;0
42;bunker;3045.00;10.35;2104.00;5.35;0
42;bunker;3199.00;10.90;2051.00;0.28;0
42;bunker;3266.00;10.00;2056.00;3.29;0
42;bunker;3398.00;9.80;2056.00;1.13;0
42;bunker;3529.00;9.80;2056.00;2.34;0
42;bunker;3660.00;10.20;2056.00;0.18;0
42;bunker;3791.00;10.70;2056.00;1.74;0
42;bunker;3923.00;10.60;2056.00;4.40;0
42;bunker;4054.00;10.68;2056.00;0.79;0
42;bunker;4185.00;16.50;2056.00;4.91;0
42;bunker;4316.00;12.90;2056.00;5.01;0
42;bunker;4448.00;22.85;2056.00;2.85;0
42;bunker;4579.00;9.50;2056.00;5.52;0
42;bunker;4710.00;9.50;2056.00;0.79;0
42;bunker;1738.00;9.50;2233.00;4.91;0
42;bunker;1897.00;12.70;2203.00;1.29;0
42;bunker;2011.00;11.60;2278.00;5.42;0
42;bunker;2154.00;10.45;2300.00;5.52;0
42;bunker;2285.00;10.38;2298.00;3.36;0
42;bunker;2409.00;9.70;2184.00;6.03;0
42;bunker;2540.00;10.50;2184.00;2.41;0
42;bunker;2671.00;9.90;2184.00;3.96;0
42;bunker;2803.00;10.50;2184.00;1.81;0
42;bunker;2906.00;10.48;2207.00;3.02;0
42;bunker;3069.00;9.80;2191.00;0.85;0
42;bunker;3072.00;9.73;2185.00;3.87;0
42;bunker;3200.00;10.78;2185.00;5.08;0
42;bunker;3331.00;10.50;2185.00;2.92;0
42;bunker;3462.00;10.60;2185.00;4.48;0
42;bunker;3593.00;10.13;2185.00;0.86;0
42;bunker;3725.00;10.40;2185.00;3.52;0
42;bunker;3856.00;10.80;2185.00;1.36;0
42;bunker;3987.00;9.88;2185.00;2.92;0
42;bunker;4119.00;10.57;2185.00;5.59;0
42;bunker;4250.00;17.80;2185.00;1.97;0
42;bunker;4381.00;12.60;2185.00;6.09;0
42;bunker;4512.00;9.50;2185.00;1.37;0
42;bunker;4644.00;9.50;2185.00;4.03;0
42;bunker;4760.00;9.50;2233.00;1.87;0
42;bunker;2008.00;13.13;2344.00;3.09;0
42;bunker;4754.00;9.50;2319.00;6.10;0
42;bunker;1690.00;9.50;2398.00;2.48;0
42;bunker;2154.00;10.70;2327.00;5.15;0
42;bunker;2279.00;10.45;2323.00;0.42;0
42;bunker;2364.00;10.60;2395.00;4.54;0
42;bunker;2504.00;9.50;2313.00;5.76;0
42;bunker;2599.00;9.70;2404.00;3.59;0
42;bunker;2853.00;9.80;2393.00;0.33;0
42;bunker;2850.00;10.40;2351.00;1.53;0
42;bunker;3055.00;10.28;2372.00;5.65;0
42;bunker;3124.00;12.75;2306.00;2.04;0
42;bunker;3298.00;10.50;2313.00;5.06;0
42;bunker;3430.00;9.90;2313.00;6.26;0
42;bunker;3561.00;10.40;2313.00;4.10;0
42;bunker;3692.00;9.88;2313.00;0.48;0
42;bunker;3823.00;9.80;2313.00;2.04;0
42;bunker;3955.00;10.73;2313.00;4.71;0
42;bunker;4086.00;10.80;2313.00;2.55;0
42;bunker;4217.00;14.38;2313.00;2.65;0
42;bunker;4348.00;9.50;2313.00;0.49;0
42;bunker;4480.00;9.50;2313.00;4.61;0
42;bunker;4611.00;9.50;2313.00;5.82;0
42;bunker;4742.00;9.50;2313.00;2.55;0
42;bunker;1958.00;10.15;2369.00;5.22;0
42;bunker;2416.00;9.50;2552.00;1.60;0
42;bunker;2028.00;9.50;2486.00;4.27;0
42;bunker;1682.00;9.50;2455.00;1.00;0
42;bunker;1919.00;9.50;2474.00;3.66;0
42;bunker;2057.00;9.50;2518.00;0.05;0
42;bunker;2188.00;9.50;2547.00;2.71;0
42;bunker;2447.00;9.50;2455.00;5.73;0
42;bunker;2657.00;9.70;2548.00;2.11;0
42;bunker;2754.00;9.80;2532.00;4.78;0
42;bunker;2889.00;9.90;2538.00;2.61;0
42;bunker;3022.00;12.35;2477.00;2.72;0
42;bunker;3104.00;10.40;2489.00;0.56;0
42;bunker;3235.00;9.70;2522.00;3.22;0
42;bunker;3366.00;9.82;2555.00;4.78;0
42;bunker;3497.00;9.80;2459.00;1.16;0
42;bunker;3629.00;10.38;2492.00;5.28;0
42;bunker;3760.00;9.80;2527.00;0.21;0
42;bunker;3891.00;9.93;2556.00;3.23;0
42;bunker;4023.00;10.35;2462.00;1.07;0
42;bunker;4154.00;9.50;2497.00;3.73;0
42;bunker;4285.00;9.50;2526.00;0.11;0
42;bunker;4416.00;9.50;2434.00;1.67;0
42;bunker;4548.00;9.50;2467.00;5.80;0
42;bunker;1789.00;10.40;1399.00;0.72;0
42;bunker;1822.00;10.45;1385.00;4.84;0
42;bunker;1666.00;9.70;1449.00;0.12;0
42;bunker;1816.00;10.20;1441.00;2.78;0
42;bunker;1835.00;9.70;1544.00;5.45;0
42;bunker;1817.00;9.95;1574.00;2.19;0
42;bunker;1789.00;9.68;1729.00;4.85;0
42;bunker;4702.00;9.50;2471.00;1.23;0
42;bunker;4778.00;9.50;2500.00;5.35;0
42;anti_air_building;3121.00;9.60;1668.00;5.45;0
42;anti_air_building;2280.00;10.00;1508.00;3.29;0
42;anti_air_building;2681.00;10.40;1897.00;5.96;0
42;synthetic_refinery;2767.00;9.90;1622.00;2.34;0
42;fuel_silo;2177.00;9.80;1288.00;3.90;0
42;radar_station;3256.00;9.70;1914.00;2.14;0
42;rocket_site;2898.00;9.50;1465.00;4.40;0
42;nuclear_reactor;2846.00;9.82;1851.00;0.79;0
43;arms_factory;1217.00;15.80;409.00;1.96;0
43;arms_factory;1147.00;12.80;947.00;4.98;0
43;arms_factory;1444.00;13.40;398.00;6.19;0
43;arms_factory;456.00;9.50;127.00;4.03;0
43;arms_factory;355.00;9.50;620.00;0.41;0
43;arms_factory;938.00;11.60;120.00;1.97;0
43;industrial_complex;1071.00;9.70;888.00;4.63;0
43;industrial_complex;1293.00;10.70;110.00;2.47;0
43;industrial_complex;1672.00;9.50;877.00;5.14;0
43;industrial_complex;377.00;9.50;457.00;0.41;0
43;industrial_complex;510.00;9.50;995.00;4.54;0
43;industrial_complex;860.00;9.50;446.00;0.92;0
43;air_base;1629.00;12.80;1081.00;2.48;0
43;bunker;1342.00;14.40;435.00;5.14;0
43;bunker;836.00;9.50;520.00;2.98;0
43;bunker;286.00;9.50;433.00;4.19;0
43;bunker;1277.00;10.40;67.00;0.92;0
43;bunker;1398.00;12.20;337.00;3.59;0
43;bunker;373.00;9.50;649.00;6.25;0
43;bunker;439.00;9.50;1012.00;2.64;0
43;bunker;140.00;9.50;1231.00;5.65;0
43;bunker;1289.00;11.50;795.00;2.04;0
43;bunker;594.00;9.50;816.00;4.70;0
43;bunker;666.00;9.50;46.00;2.54;0
43;bunker;1240.00;16.10;378.00;4.10;0
43;bunker;102.00;9.50;1152.00;0.48;0
43;bunker;930.00;9.50;242.00;3.15;0
43;bunker;1258.00;9.50;573.00;6.16;0
43;bunker;1017.00;15.40;275.00;1.09;0
43;bunker;1029.00;10.40;28.00;5.21;0
43;bunker;1036.00;9.60;784.00;1.59;0
43;bunker;1193.00;9.50;1172.00;3.15;0
43;bunker;1188.00;16.20;408.00;0.99;0
43;bunker;1441.00;10.50;239.00;3.66;0
43;bunker;350.00;9.50;1278.00;0.04;0
43;bunker;842.00;9.50;820.00;1.60;0
43;bunker;1638.00;11.40;415.00;5.72;0
43;bunker;417.00;9.50;356.00;0.65;0
43;bunker;1539.00;9.50;734.00;4.77;0
43;bunker;1254.00;12.20;656.00;0.04;0
43;bunker;939.00;9.50;1228.00;4.17;0
43;bunker;1106.00;10.60;59.00;5.37;0
43;bunker;610.00;9.50;778.00;3.21;0
43;bunker;42.00;9.50;691.00;6.23;0
43;bunker;874.00;10.10;30.00;1.16;0
43;bunker;1368.00;10.80;226.00;5.28;0
43;bunker;1557.00;10.80;306.00;0.55;0
43;bunker;1182.00;9.50;1017.00;3.22;0
43;bunker;369.00;9.50;539.00;5.88;0
43;bunker;711.00;9.50;400.00;3.73;0
43;bunker;209.00;9.50;48.00;3.83;0
43;bunker;971.00;9.50;853.00;1.67;0
43;bunker;820.00;9.50;1245.00;4.33;0
43;bunker;1231.00;9.50;1118.00;0.71;0
43;bunker;696.00;9.50;135.00;3.73;0
43;bunker;1323.00;10.30;39.00;0.11;0
43;bunker;538.00;9.50;591.00;2.78;0
43;bunker;899.00;9.50;465.00;5.44;0
43;bunker;489.00;9.50;137.00;2.17;0
43;bunker;1436.00;9.50;668.00;4.84;0
43;bunker;753.00;9.50;959.00;1.23;0
43;bunker;128.00;9.50;368.00;2.78;0
43;bunker;1162.00;16.80;347.00;0.62;0
43;bunker;248.00;9.50;410.00;1.83;0
43;bunker;49.00;9.50;921.00;5.95;0
43;bunker;640.00;9.50;1209.00;2.68;0
43;bunker;971.00;9.50;1109.00;3.90;0
43;bunker;381.00;9.50;179.00;1.73;0
43;bunker;378.00;9.50;1101.00;4.40;0
43;bunker;61.00;9.50;626.00;5.96;0
43;bunker;301.00;9.50;276.00;2.34;0
43;bunker;211.00;9.50;723.00;0.18;0
43;bunker;1316.00;9.50;990.00;1.39;0
43;bunker;18.00;9.50;1062.00;4.40;0
43;bunker;1432.00;10.10;65.00;0.79;0
43;bunker;1322.00;9.50;605.00;4.91;0
43;bunker;6.00;9.50;78.00;0.18;0
43;bunker;410.00;9.50;654.00;2.85;0
43;bunker;886.00;9.50;507.00;0.69;0
43;bunker;1411.00;10.30;997.00;1.90;0
43;bunker;666.00;9.50;793.00;4.91;0
43;bunker;1539.00;10.70;278.00;1.29;0
43;bunker;32.00;9.50;168.00;3.96;0
43;bunker;815.00;9.50;329.00;0.34;0
43;bunker;769.00;9.50;981.00;3.36;0
43;bunker;203.00;9.50;1140.00;4.57;0
43;bunker;1157.00;9.50;540.00;2.41;0
43;bunker;1093.00;9.50;1166.00;0.25;0
43;bunker;589.00;9.50;272.00;0.35;0
43;bunker;1190.00;11.10;228.00;4.47;0
43;bunker;1641.00;9.50;983.00;0.85;0
43;bunker;932.00;9.50;960.00;3.87;0
43;bunker;471.00;9.50;1216.00;5.08;0
43;bunker;718.00;9.50;369.00;2.92;0
43;bunker;572.00;9.50;231.00;5.58;0
43;bunker;376.00;9.50;833.00;0.86;0
43;bunker;1656.00;12.20;53.00;3.52;0
43;bunker;143.00;9.50;787.00;1.36;0
43;bunker;610.00;9.50;8.00;4.03;0
43;bunker;1058.00;9.50;1011.00;5.59;0
43;bunker;722.00;9.50;660.00;3.42;0
43;bunker;94.00;9.50;871.00;4.64;0
43;bunker;1504.00;13.90;521.00;2.48;0
43;bunker;629.00;9.50;920.00;4.03;0
43;bunker;1475.00;13.65;487.00;0.41;0
43;bunker;1095.00;9.50;1082.00;3.08;0
43;bunker;1041.00;9.50;713.00;0.92;0
43;bunker;1112.00;9.50;484.00;1.02;0
43;bunker;757.00;9.50;568.00;5.15;0
43;bunker;797.00;9.50;1053.00;2.98;0
43;bunker;359.00;9.50;924.00;4.54;0
43;bunker;350.00;9.50;99.00;0.92;0
43;bunker;970.00;9.50;631.00;3.59;0
43;bunker;1570.00;12.93;1069.00;1.43;0
43;bunker;459.00;9.50;467.00;1.53;0
43;bunker;1604.00;9.50;775.00;5.65;0
43;bunker;1482.00;9.88;850.00;2.04;0
43;bunker;795.00;9.50;240.00;4.70;0
43;bunker;1662.00;10.50;224.00;6.26;0
43;bunker;1058.00;12.20;197.00;4.10;0
43;bunker;527.00;9.50;481.00;0.48;0
43;bunker;258.00;9.50;562.00;3.15;0
43;bunker;1555.00;12.60;592.00;6.16;0
43;bunker;1376.00;9.50;1093.00;1.09;0
43;bunker;222.00;9.50;183.00;5.22;0
43;bunker;1252.00;9.50;1214.00;0.49;0
43;bunker;426.00;9.50;527.00;4.61;0
43;bunker;1435.00;10.30;1150.00;5.82;0
43;bunker;937.00;9.50;657.00;3.66;0
43;bunker;812.00;9.50;723.00;5.22;0
43;bunker;1594.00;9.90;1242.00;1.60;0
43;bunker;194.00;9.50;315.00;5.72;0
43;bunker;149.00;9.50;599.00;2.10;0
43;bunker;493.00;9.50;1063.00;3.66;0
43;bunker;463.00;9.50;854.00;0.04;0
43;bunker;214.00;9.50;902.00;4.17;0
43;bunker;639.00;9.50;1030.00;5.38;0
43;bunker;42.00;9.50;468.00;2.11;0
43;bunker;750.00;9.50;1027.00;4.78;0
43;bunker;1321.00;12.25;803.00;1.16;0
43;bunker;586.00;9.50;1188.00;2.71;0
43;bunker;1331.00;13.90;645.00;0.55;0
43;bunker;510.00;9.50;19.00;4.68;0
43;bunker;1374.00;9.70;1233.00;5.89;0
43;bunker;1505.00;9.90;1068.00;2.62;0
43;bunker;1454.00;10.35;1280.00;5.28;0
43;bunker;150.00;9.50;481.00;1.67;0
43;bunker;84.00;9.50;732.00;4.33;0
43;bunker;1729.00;9.50;1154.00;1.07;0
43;anti_air_building;1444.00;9.50;706.00;2.27;0
43;anti_air_building;322.00;9.50;373.00;0.11;0
43;anti_air_building;272.00;9.50;815.00;2.78;0
43;synthetic_refinery;548.00;9.50;362.00;4.34;0
43;fuel_silo;1060.00;9.50;1031.00;2.17;0
43;radar_station;919.00;9.50;669.00;5.81;0
43;rocket_site;786.00;9.50;1251.00;0.12;0
43;nuclear_reactor;432.00;9.50;641.00;2.78;0
44;arms_factory;3948.00;10.80;476.00;0.41;0
44;arms_factory;4081.00;10.80;134.00;4.54;0
44;arms_factory;2724.00;10.20;314.00;0.92;0
44;arms_factory;2005.00;9.50;473.00;2.48;0
44;arms_factory;1818.00;10.80;131.00;5.14;0
44;arms_factory;3906.00;9.50;161.00;2.98;0
44;industrial_complex;2933.00;10.20;340.00;4.19;0
44;industrial_complex;1830.00;9.50;500.00;0.92;0
44;industrial_complex;2028.00;10.90;157.00;3.59;0
44;industrial_complex;3987.00;9.50;188.00;6.25;0
44;industrial_complex;2758.00;9.90;367.00;2.64;0
44;industrial_complex;2934.00;10.40;121.00;5.65;0
44;air_base;1853.00;10.70;184.00;2.04;0
44;bunker;4196.00;9.50;214.00;4.70;0
44;bunker;3676.00;11.13;44.00;2.54;0
44;bunker;2675.00;11.00;66.00;4.10;0
44;bunker;4089.00;9.50;413.00;0.48;0
44;bunker;4441.00;9.50;174.00;3.15;0
44;bunker;2284.00;11.03;263.00;6.16;0
44;bunker;3611.00;9.50;194.00;1.09;0
44;bunker;4663.00;9.50;198.00;5.21;0
44;bunker;4357.00;9.50;474.00;1.59;0
44;bunker;3190.00;10.60;94.00;3.15;0
44;bunker;3958.00;11.80;60.00;0.99;0
44;bunker;1755.00;9.50;661.00;3.66;0
44;bunker;4379.00;9.50;584.00;0.04;0
44;bunker;1956.00;9.80;449.00;1.60;0
44;bunker;1946.00;10.80;165.00;5.72;0
44;bunker;4478.00;9.50;12.00;0.65;0
44;bunker;1784.00;13.00;595.00;4.77;0
44;bunker;1689.00;10.10;273.00;0.04;0
44;bunker;3027.00;11.50;344.00;4.17;0
44;bunker;2776.00;9.60;469.00;5.37;0
44;bunker;4201.00;9.50;298.00;3.21;0
44;bunker;3065.00;10.40;114.00;6.23;0
44;bunker;4827.00;9.50;88.00;1.16;0
44;bunker;2537.00;10.70;129.00;5.28;0
44;bunker;3724.00;9.50;140.00;0.55;0
44;bunker;2050.00;10.80;181.00;3.22;0
44;bunker;3289.00;13.90;235.00;5.88;0
44;bunker;4004.00;9.50;271.00;3.73;0
44;bunker;4619.00;9.50;512.00;3.83;0
44;bunker;3145.00;10.40;213.00;1.67;0
44;bunker;2403.00;9.50;743.00;4.33;0
44;bunker;2959.00;9.90;232.00;0.71;0
44;bunker;2360.00;10.30;191.00;3.73;0
44;bunker;2428.00;9.50;637.00;0.11;0
44;bunker;2832.00;10.70;96.00;2.78;0
44;bunker;2103.00;13.50;71.00;5.44;0
44;bunker;3427.00;12.82;572.00;2.17;0
44;bunker;2657.00;10.10;300.00;4.84;0
44;bunker;2196.00;9.50;684.00;1.23;0
44;bunker;4693.00;9.50;526.00;2.78;0
44;bunker;3336.00;9.50;255.00;0.62;0
44;bunker;2060.00;11.10;318.00;1.83;0
44;bunker;4026.00;11.70;123.00;5.95;0
44;bunker;4230.00;9.50;216.00;2.68;0
44;bunker;4210.00;9.50;557.00;3.90;0
44;bunker;4558.00;9.50;438.00;1.73;0
44;bunker;2508.00;9.80;470.00;4.40;0
44;bunker;4533.00;9.50;374.00;5.96;0
44;bunker;4341.00;9.50;577.00;2.34;0
44;bunker;3413.00;12.03;35.00;0.18;0
44;bunker;3483.00;11.50;618.00;1.39;0
44;bunker;4763.00;9.50;423.00;4.40;0
44;bunker;3774.00;11.00;487.00;0.79;0
44;bunker;3218.00;10.40;86.00;4.91;0
44;bunker;2409.00;11.40;58.00;0.18;0
44;bunker;1811.00;10.10;290.00;2.85;0
44;bunker;2195.00;10.70;168.00;0.69;0
44;bunker;2450.00;9.90;291.00;1.90;0
44;bunker;2845.00;10.60;101.00;4.91;0
44;bunker;2563.00;10.50;168.00;1.29;0
44;bunker;2165.00;10.00;387.00;3.96;0
44;bunker;4029.00;11.25;203.00;0.34;0
44;bunker;1709.00;11.00;75.00;3.36;0
44;bunker;3666.00;12.98;387.00;4.57;0
44;bunker;3849.00;11.57;408.00;2.41;0
44;bunker;2259.00;9.50;420.00;0.25;0
44;bunker;4279.00;9.50;8.00;0.35;0
44;bunker;2874.00;9.70;579.00;4.47;0
44;bunker;3296.00;11.70;525.00;0.85;0
44;bunker;2800.00;9.50;569.00;3.87;0
44;bunker;3525.00;9.50;158.00;5.08;0
44;bunker;2031.00;9.50;668.00;2.92;0
44;bunker;1912.00;10.10;479.00;5.58;0
44;bunker;4056.00;10.10;617.00;0.86;0
44;bunker;4232.00;9.50;42.00;3.52;0
44;bunker;4691.00;9.50;505.00;1.36;0
44;bunker;2411.00;9.80;332.00;4.03;0
44;bunker;4759.00;9.50;213.00;5.59;0
44;bunker;3521.00;14.05;394.00;3.42;0
44;bunker;3826.00;10.10;624.00;4.64;0
44;bunker;2604.00;9.50;589.00;2.48;0
44;bunker;2721.00;9.90;352.00;4.03;0
44;bunker;2885.00;9.90;423.00;0.41;0
44;bunker;2236.00;11.10;116.00;3.08;0
44;bunker;4286.00;9.50;422.00;0.92;0
44;bunker;1883.00;11.25;542.00;1.02;0
44;bunker;4660.00;9.50;375.00;5.15;0
44;bunker;2971.00;11.50;493.00;2.98;0
44;bunker;1756.00;10.60;162.00;4.54;0
44;bunker;2836.00;10.60;210.00;0.92;0
44;bunker;1726.00;9.80;386.00;3.59;0
44;bunker;2298.00;9.50;709.00;1.43;0
44;bunker;2363.00;9.50;413.00;1.53;0
44;bunker;3690.00;14.98;272.00;5.65;0
44;bunker;3152.00;9.50;485.00;2.04;0
44;bunker;1988.00;9.50;522.00;4.70;0
44;bunker;3107.00;10.40;328.00;6.26;0
44;bunker;3667.00;11.30;567.00;4.10;0
44;bunker;4510.00;9.50;248.00;0.48;0
44;bunker;3837.00;12.30;310.00;3.15;0
44;bunker;2457.00;9.50;749.00;6.16;0
44;bunker;3596.00;12.25;14.00;1.09;0
44;bunker;2235.00;9.50;635.00;5.22;0
44;bunker;3864.00;12.63;307.00;0.49;0
44;bunker;3769.00;9.50;70.00;4.61;0
44;bunker;3916.00;9.50;202.00;5.82;0
44;bunker;4508.00;9.50;101.00;3.66;0
44;bunker;3232.00;9.50;447.00;5.22;0
44;bunker;3529.00;9.50;265.00;1.60;0
44;bunker;2662.00;9.50;701.00;5.72;0
44;bunker;4293.00;9.50;286.00;2.10;0
44;bunker;3412.00;10.20;370.00;3.66;0
44;bunker;2122.00;10.90;311.00;0.04;0
44;bunker;4773.00;9.50;593.00;4.17;0
44;bunker;3415.00;11.40;410.00;5.38;0
44;bunker;3187.00;11.85;602.00;2.11;0
44;bunker;3267.00;11.65;301.00;4.78;0
44;bunker;3025.00;10.35;620.00;1.16;0
44;bunker;4788.00;9.50;350.00;2.71;0
44;bunker;2938.00;10.10;267.00;0.55;0
44;bunker;2518.00;9.50;622.00;4.68;0
44;bunker;4208.00;9.50;427.00;5.89;0
44;bunker;2803.00;9.50;743.00;2.62;0
44;bunker;3912.00;10.10;627.00;5.28;0
44;bunker;2899.00;9.50;667.00;1.67;0
44;bunker;4474.00;9.50;376.00;4.33;0
44;bunker;4673.00;9.50;74.00;1.07;0
44;bunker;2616.00;9.70;401.00;2.27;0
44;bunker;1912.00;11.75;6.00;0.11;0
44;bunker;2047.00;12.07;25.00;2.78;0
44;bunker;1793.00;10.60;168.00;4.34;0
44;bunker;2538.00;11.00;35.00;2.17;0
44;bunker;1896.00;9.50;717.00;4.84;0
44;bunker;2815.00;10.70;149.00;0.12;0
44;bunker;3026.00;9.50;697.00;2.78;0
44;bunker;3083.00;9.50;674.00;0.62;0
44;bunker;3233.00;11.80;648.00;1.83;0
44;bunker;3364.00;12.00;648.00;4.85;0
44;bunker;3496.00;11.70;648.00;1.23;0
44;bunker;3627.00;11.50;648.00;5.35;0
44;bunker;3758.00;11.60;648.00;0.28;0
44;bunker;3889.00;10.05;648.00;3.29;0
44;bunker;4021.00;9.93;648.00;1.13;0
44;bunker;4152.00;10.20;648.00;2.34;0
44;bunker;4283.00;9.50;648.00;0.18;0
44;bunker;4414.00;9.50;648.00;1.74;0
44;bunker;4546.00;9.50;648.00;4.40;0
44;bunker;4677.00;9.50;648.00;0.79;0
44;bunker;4769.00;9.50;666.00;4.91;0
44;bunker;3060.00;10.60;860.00;5.01;0
44;bunker;4760.00;9.50;855.00;2.85;0
44;bunker;1797.00;9.50;808.00;5.52;0
44;bunker;1887.00;9.50;776.00;0.79;0
44;bunker;2042.00;9.50;833.00;4.91;0
44;bunker;2077.00;10.00;892.00;1.29;0
44;bunker;2281.00;9.50;776.00;5.42;0
44;bunker;2348.00;9.50;796.00;5.52;0
44;bunker;2555.00;9.50;788.00;3.36;0
44;bunker;2659.00;11.80;858.00;6.03;0
44;bunker;2704.00;9.50;770.00;2.41;0
44;bunker;2861.00;11.90;891.00;3.96;0
44;bunker;3103.00;14.18;868.00;1.81;0
44;bunker;3335.00;11.10;776.00;3.02;0
44;bunker;3466.00;10.90;776.00;0.85;0
44;bunker;3597.00;10.50;776.00;3.87;0
44;bunker;3601.00;10.50;777.00;5.08;0
44;bunker;3732.00;10.00;777.00;2.92;0
44;bunker;3863.00;9.70;777.00;4.48;0
44;bunker;3994.00;9.80;777.00;0.86;0
44;bunker;4126.00;9.80;777.00;3.52;0
44;bunker;4257.00;9.50;777.00;1.36;0
44;bunker;4388.00;9.50;777.00;2.92;0
44;bunker;4520.00;9.50;777.00;5.59;0
44;bunker;4651.00;9.50;777.00;1.97;0
44;bunker;2609.00;9.50;859.00;6.09;0
44;bunker;2342.00;13.45;898.00;1.37;0
44;bunker;1719.00;9.50;936.00;4.03;0
44;bunker;1800.00;9.50;970.00;1.87;0
44;bunker;1952.00;9.50;925.00;3.09;0
44;bunker;2145.00;9.50;994.00;6.10;0
44;bunker;2225.00;9.50;905.00;2.48;0
44;bunker;2461.00;10.50;982.00;5.15;0
44;bunker;2708.00;12.45;903.00;0.42;0
44;bunker;2818.00;13.65;926.00;4.54;0
44;bunker;3005.00;13.70;995.00;5.76;0
44;bunker;3100.00;10.73;979.00;3.59;0
44;bunker;3268.00;10.82;905.00;0.33;0
44;bunker;3400.00;9.90;905.00;1.53;0
44;bunker;3531.00;9.70;905.00;5.65;0
44;bunker;3662.00;9.50;905.00;2.04;0
44;bunker;3793.00;9.50;905.00;5.06;0
44;bunker;3925.00;9.50;905.00;6.26;0
44;bunker;4056.00;12.20;905.00;4.10;0
44;bunker;4187.00;14.40;905.00;0.48;0
44;bunker;4318.00;9.50;905.00;2.04;0
44;bunker;4450.00;9.50;905.00;4.71;0
44;bunker;4581.00;9.50;905.00;2.55;0
44;bunker;4712.00;9.50;905.00;2.65;0
44;bunker;4805.00;9.50;978.00;0.49;0
44;bunker;2431.00;10.00;1113.00;4.61;0
44;bunker;4847.00;9.50;1088.00;5.82;0
44;bunker;1807.00;9.50;1042.00;2.55;0
44;bunker;2012.00;9.50;1046.00;5.22;0
44;bunker;2114.00;9.70;1044.00;1.60;0
44;bunker;2313.00;12.15;1033.00;4.27;0
44;bunker;2444.00;13.55;1034.00;1.00;0
44;bunker;2576.00;9.80;1034.00;3.66;0
44;bunker;2707.00;10.70;1034.00;0.05;0
44;bunker;2838.00;10.90;1034.00;2.71;0
44;bunker;3009.00;16.80;1086.00;5.73;0
44;bunker;3175.00;14.80;1140.00;2.11;0
44;bunker;3239.00;10.55;1034.00;4.78;0
44;bunker;3370.00;10.53;1034.00;2.61;0
44;bunker;3501.00;10.85;1034.00;2.72;0
44;bunker;3633.00;10.25;1034.00;0.56;0
44;bunker;3764.00;15.10;1034.00;3.22;0
44;bunker;3895.00;12.60;1034.00;4.78;0
44;bunker;4026.00;10.10;1034.00;1.16;0
44;bunker;4158.00;9.50;1034.00;5.28;0
44;bunker;4289.00;9.50;1034.00;0.21;0
44;bunker;4420.00;9.50;1034.00;3.23;0
44;bunker;4552.00;9.50;1034.00;1.07;0
44;bunker;4683.00;9.50;1034.00;3.73;0
44;bunker;2109.00;10.60;1246.00;0.11;0
44;bunker;2272.00;11.30;1184.00;1.67;0
44;bunker;2321.00;11.55;1154.00;5.80;0
44;bunker;2558.00;9.70;1194.00;0.72;0
44;bunker;2634.00;9.50;1251.00;4.84;0
44;bunker;2765.00;9.50;1157.00;0.12;0
44;bunker;2897.00;9.50;1188.00;2.78;0
44;bunker;3042.00;14.40;1197.00;5.45;0
44;bunker;3113.00;9.50;1272.00;2.19;0
44;bunker;3290.00;15.28;1158.00;4.85;0
44;bunker;3422.00;15.75;1191.00;1.23;0
44;bunker;3553.00;12.75;1226.00;5.35;0
44;bunker;3684.00;12.25;1255.00;5.45;0
44;bunker;3816.00;15.90;1161.00;3.29;0
44;bunker;3947.00;14.60;1196.00;5.96;0
44;bunker;4078.00;12.30;1225.00;2.34;0
44;bunker;4209.00;12.05;1260.00;3.90;0
44;bunker;4341.00;9.50;1166.00;1.74;0
44;bunker;4472.00;9.50;1197.00;4.40;0
44;bunker;4603.00;9.68;1230.00;0.79;0
44;bunker;4734.00;11.65;1263.00;3.81;0
44;bunker;4819.00;11.70;1240.00;0.19;0
44;bunker;1812.00;10.00;1054.00;2.85;0
44;bunker;2004.00;12.10;1205.00;4.41;0
44;bunker;1688.00;10.10;1192.00;2.25;0
44;bunker;1803.00;14.90;1186.00;3.46;0
44;bunker;1953.00;9.68;1097.00;1.30;0
44;bunker;2128.00;9.50;730.00;2.86;0
44;anti_air_building;3708.00;13.75;588.00;5.52;0
44;anti_air_building;2160.00;12.30;117.00;1.90;0
44;anti_air_building;4247.00;9.50;37.00;6.03;0
44;synthetic_refinery;4849.00;9.50;480.00;1.31;0
44;fuel_silo;3533.00;11.90;615.00;3.97;0
44;radar_station;3253.00;11.80;648.00;0.46;0
44;rocket_site;2581.00;9.80;476.00;4.47;0
44;nuclear_reactor;4733.00;9.50;505.00;6.03;0