0;0;0;0;land;false;unknown;0
1;0;40;136;sea;false;ocean;1
2;0;47;132;sea;false;ocean;1
3;0;49;194;sea;true;ocean;1
4;0;99;205;sea;false;ocean;1
5;0;101;223;sea;false;ocean;1
6;0;119;100;sea;true;ocean;1
7;0;152;185;land;false;urban;1
8;0;193;193;land;false;plains;1
9;1;30;143;sea;false;ocean;1
10;1;45;132;sea;false;ocean;1
11;1;49;141;sea;false;ocean;1
12;1;57;61;land;false;hills;1
13;1;58;202;sea;false;ocean;1
14;1;91;187;sea;false;ocean;1
15;1;118;252;sea;true;ocean;1
16;2;48;83;land;false;forest;1
17;2;56;188;sea;false;ocean;1
18;2;63;201;sea;false;ocean;1
19;2;64;173;sea;true;ocean;1
20;2;71;169;sea;false;ocean;1
21;2;72;144;sea;false;ocean;1
22;2;78;241;sea;false;ocean;1
23;2;84;81;land;false;plains;1
24;2;190;233;land;false;plains;1
25;3;41;159;sea;false;ocean;1
26;3;43;90;land;false;hills;1
27;3;64;129;sea;false;ocean;1
28;3;70;145;sea;false;ocean;1
29;3;73;176;sea;false;ocean;1
30;3;79;174;sea;false;ocean;1
31;3;79;181;sea;false;ocean;1
32;3;85;184;sea;false;ocean;1
33;3;93;195;sea;false;ocean;1
34;3;94;242;sea;false;ocean;1
35;3;98;207;sea;false;ocean;1
36;3;225;58;land;true;plains;1
37;4;29;76;land;false;hills;1
38;4;47;186;sea;false;ocean;1
39;4;49;155;sea;false;ocean;1
40;4;58;171;sea;false;ocean;1
41;4;66;250;sea;false;ocean;1
42;2;170;56;land;false;plains;1
43;4;75;178;sea;false;ocean;1
44;4;76;172;sea;false;ocean;1
45;4;82;226;sea;false;ocean;1
46;4;86;247;sea;false;ocean;1
47;4;183;237;land;false;rural;1
48;5;38;159;sea;false;ocean;1
49;5;42;154;sea;false;ocean;1
50;5;52;171;sea;false;ocean;1
51;5;53;179;sea;false;ocean;1
52;5;67;214;sea;false;ocean;1
53;5;70;232;sea;false;ocean;1
54;5;76;197;sea;false;ocean;1
55;5;76;227;sea;false;ocean;1
56;0;151;77;lake;false;lake;1
57;5;108;225;sea;false;ocean;1
58;1;98;100;land;false;plains;1
59;5;138;172;land;false;plains;1
60;5;145;132;land;false;hills;1
61;6;6;179;sea;false;ocean;1
62;6;34;132;sea;false;ocean;1
63;6;48;187;sea;false;ocean;1
64;6;54;241;sea;false;ocean;1
65;6;58;205;sea;false;ocean;1
66;6;67;167;sea;false;ocean;1
67;6;72;180;land;true;hills;1
68;6;76;196;sea;false;ocean;1
69;6;78;165;sea;false;ocean;1
70;6;80;171;sea;false;ocean;1
71;6;81;166;sea;false;ocean;1
72;6;86;226;sea;false;ocean;1
73;6;98;227;sea;false;ocean;1
74;6;126;127;land;false;plains;1
75;6;175;167;land;false;forest;1
76;7;36;129;sea;false;ocean;1
77;7;37;136;sea;false;ocean;1
78;7;45;140;sea;false;ocean;1
79;7;48;200;sea;false;ocean;1
80;7;51;100;land;false;urban;1
81;7;57;145;sea;false;ocean;1
82;0;31;131;land;false;plains;1
83;7;69;187;sea;false;ocean;1
84;7;89;199;sea;false;ocean;1
85;7;114;222;sea;false;ocean;1
86;7;136;66;land;false;plains;1
87;4;105;28;land;false;plains;1
88;8;41;146;sea;false;ocean;1
89;8;48;81;land;true;hills;1
90;8;57;141;sea;false;ocean;1
91;8;69;149;sea;false;ocean;1
92;8;71;140;sea;false;ocean;1
93;8;84;171;land;false;plains;1
94;8;94;184;sea;false;ocean;1
95;8;102;226;sea;false;ocean;1
96;8;106;234;sea;false;ocean;1
97;8;123;244;land;false;plains;1
98;9;40;75;land;true;mountain;1
99;9;43;134;sea;false;ocean;1
100;9;56;159;sea;false;ocean;1
101;9;58;152;sea;false;ocean;1
102;9;60;218;sea;false;ocean;1
103;9;69;134;sea;false;ocean;1
104;9;74;140;sea;true;ocean;1
105;9;80;155;sea;false;ocean;1
106;9;90;170;land;false;rural;1
107;9;91;212;sea;false;ocean;1
108;9;92;210;sea;false;ocean;1
109;10;4;134;sea;false;ocean;1
110;10;4;170;sea;false;ocean;1
111;10;9;147;sea;false;ocean;1
112;10;12;164;land;true;rural;1
113;10;32;67;land;false;hills;1
114;10;41;55;land;false;plains;1
115;10;51;131;sea;false;ocean;1
116;10;51;184;sea;false;ocean;1
117;10;53;179;sea;false;ocean;1
118;10;61;27;land;false;mountain;1
119;10;71;155;sea;false;ocean;1
120;10;81;164;sea;false;ocean;1
121;10;83;157;sea;false;ocean;1
122;10;92;213;sea;false;ocean;1
123;10;97;239;sea;false;ocean;1
124;10;112;244;sea;false;ocean;1
125;11;57;83;land;true;hills;1
126;11;60;251;sea;false;ocean;1
127;11;62;134;sea;false;ocean;1
128;11;73;112;land;true;rural;1
129;11;85;226;sea;false;ocean;1
130;12;0;176;sea;false;ocean;1
131;12;9;147;sea;false;ocean;1
132;12;47;156;sea;false;ocean;1
133;12;59;161;sea;false;ocean;1
134;12;59;229;sea;false;ocean;1
135;12;61;134;sea;false;ocean;1
136;12;66;153;sea;false;ocean;1
137;12;73;134;sea;false;ocean;1
138;12;77;150;sea;false;ocean;1
139;12;84;203;sea;false;ocean;1
140;12;87;227;sea;false;ocean;1
141;12;88;220;sea;false;ocean;1
142;12;102;204;land;false;plains;1
143;12;103;229;sea;false;ocean;1
144;12;131;178;land;false;hills;1
145;13;1;151;sea;false;ocean;1
146;13;37;75;land;false;forest;1
147;13;52;200;sea;false;ocean;1
148;13;61;177;sea;false;ocean;1
149;13;68;154;sea;false;ocean;1
150;13;76;169;sea;false;ocean;1
151;13;78;156;sea;false;ocean;1
152;13;81;205;sea;true;ocean;1
153;13;88;176;sea;false;ocean;1
154;13;97;248;sea;false;ocean;1
155;13;122;244;land;false;plains;1
156;13;127;246;sea;false;ocean;1
157;14;9;201;sea;false;ocean;1
158;14;51;135;sea;false;ocean;1
159;14;52;169;sea;false;ocean;1
160;14;55;161;sea;false;ocean;1
161;14;56;151;sea;false;ocean;1
162;14;58;153;sea;false;ocean;1
163;14;60;156;sea;true;ocean;1
164;14;65;209;sea;false;ocean;1
165;14;66;155;sea;false;ocean;1
166;14;85;237;sea;false;ocean;1
167;14;92;187;sea;false;ocean;1
168;1;123;114;land;true;plains;1
169;15;11;255;sea;false;ocean;1
170;0;78;241;land;true;marsh;1
171;15;48;176;sea;false;ocean;1
172;15;53;156;sea;false;ocean;1
173;15;60;165;sea;false;ocean;1
174;15;64;139;sea;false;ocean;1
175;15;72;206;sea;false;ocean;1
176;15;87;248;sea;true;ocean;1
177;15;121;249;sea;false;ocean;1
178;0;115;253;land;true;forest;1
179;16;4;65;land;false;plains;1
180;16;34;189;land;false;hills;1
181;16;46;152;sea;false;ocean;1
182;16;52;130;sea;false;ocean;1
183;16;56;189;sea;false;ocean;1
184;16;57;218;sea;false;ocean;1
185;16;59;104;land;false;plains;1
186;16;59;189;sea;false;ocean;1
187;16;61;196;sea;false;ocean;1
188;16;64;155;sea;false;ocean;1
189;16;66;132;sea;false;ocean;1
190;16;71;198;sea;false;ocean;1
191;16;72;240;sea;false;ocean;1
192;16;75;136;sea;false;ocean;1
193;16;77;169;sea;false;ocean;1
194;16;106;201;sea;false;ocean;1
195;16;188;219;land;false;plains;1
196;16;198;201;land;false;rural;1
197;5;5;5;land;false;hills;1
198;5;119;61;land;false;plains;1
199;17;57;138;sea;false;ocean;1
200;17;58;181;sea;false;ocean;1
201;17;58;209;sea;false;ocean;1
202;17;61;133;sea;false;ocean;1
203;17;66;146;sea;false;ocean;1
204;17;66;151;sea;false;ocean;1
205;17;69;29;land;false;hills;1
206;17;76;173;sea;false;ocean;1
207;17;87;171;sea;false;ocean;1
208;17;90;169;sea;false;ocean;1
209;17;92;214;sea;false;ocean;1
210;17;110;205;sea;false;ocean;1
211;17;133;152;land;false;plains;1
212;17;152;155;land;false;forest;1
213;18;12;200;sea;false;ocean;1
214;18;17;128;sea;false;ocean;1
215;2;70;55;land;false;plains;1
216;18;45;129;sea;false;ocean;1
217;18;49;129;sea;false;ocean;1
218;18;55;154;sea;false;ocean;1
219;18;59;83;land;false;plains;1
220;18;59;139;sea;false;ocean;1
221;18;64;149;sea;false;ocean;1
222;18;65;199;sea;false;ocean;1
223;18;67;137;sea;false;ocean;1
224;18;67;156;sea;false;ocean;1
225;18;69;131;sea;false;ocean;1
226;18;73;183;sea;false;ocean;1
227;18;77;217;sea;false;ocean;1
228;18;87;159;sea;false;ocean;1
229;18;92;176;sea;false;ocean;1
230;18;105;245;sea;false;ocean;1
231;18;132;246;sea;false;ocean;1
232;19;4;162;sea;false;ocean;1
233;19;10;227;sea;false;ocean;1
234;19;17;203;sea;false;ocean;1
235;19;42;131;sea;false;ocean;1
236;19;43;140;sea;false;ocean;1
237;19;49;160;sea;false;ocean;1
238;19;53;131;sea;false;ocean;1
239;19;62;138;sea;false;ocean;1
240;19;63;184;sea;false;ocean;1
241;19;64;138;sea;false;ocean;1
242;19;65;183;sea;false;ocean;1
243;19;71;207;sea;false;ocean;1
244;19;75;223;sea;true;ocean;1
245;19;76;144;sea;false;ocean;1
246;19;76;156;sea;false;ocean;1
247;19;84;184;sea;false;ocean;1
248;19;91;143;land;false;hills;1
249;19;99;181;sea;false;ocean;1
250;19;115;242;sea;false;ocean;1
251;19;118;179;land;true;rural;1
252;19;132;137;land;false;plains;1
253;20;6;134;sea;false;ocean;1
254;20;15;137;sea;false;ocean;1
255;20;18;187;sea;false;ocean;1
256;20;25;114;land;true;plains;1
257;20;46;149;sea;false;ocean;1
258;20;54;150;sea;false;ocean;1
259;20;57;144;sea;true;ocean;1
260;20;62;64;land;false;hills;1
261;20;64;171;sea;false;ocean;1
262;20;74;174;sea;false;ocean;1
263;20;79;161;sea;false;ocean;1
264;20;85;83;land;false;urban;1
265;20;96;233;sea;false;ocean;1
266;20;104;187;sea;false;ocean;1
267;20;113;120;land;false;rural;1
268;20;186;196;land;false;plains;1
269;21;19;15;land;false;plains;1
270;21;49;142;sea;false;ocean;1
271;1;3;167;land;false;plains;1
272;21;64;146;sea;false;ocean;1
273;21;65;188;sea;false;ocean;1
274;21;66;222;sea;false;ocean;1
275;21;70;195;sea;false;ocean;1
276;21;72;150;sea;false;ocean;1
277;21;72;219;sea;false;ocean;1
278;21;84;157;sea;false;ocean;1
279;21;116;129;land;false;plains;1
280;21;120;240;sea;false;ocean;1
281;22;51;90;land;false;hills;1
282;22;56;148;sea;false;ocean;1
283;2;81;120;land;false;plains;1
284;22;75;216;sea;false;ocean;1
285;22;79;160;sea;true;ocean;1
286;22;80;147;sea;false;ocean;1
287;22;89;194;sea;false;ocean;1
288;22;96;212;sea;false;ocean;1
289;22;100;217;sea;false;ocean;1
290;22;104;224;sea;false;ocean;1
291;22;114;230;sea;false;ocean;1
292;23;2;132;sea;false;ocean;1
293;23;14;154;sea;false;ocean;1
294;23;23;116;land;true;rural;1
295;23;47;169;land;false;plains;1
296;23;52;158;sea;false;ocean;1
297;23;52;160;sea;true;ocean;1
298;23;68;230;sea;false;ocean;1
299;23;73;154;sea;false;ocean;1
300;23;78;159;sea;false;ocean;1
301;23;79;139;sea;false;ocean;1
302;23;79;183;sea;true;ocean;1
303;23;103;161;land;false;rural;1
304;24;2;151;sea;false;ocean;1
305;24;12;137;sea;false;ocean;1
306;24;17;172;sea;false;ocean;1
307;24;19;133;sea;false;ocean;1
308;24;20;137;sea;false;ocean;1
309;24;27;153;land;true;hills;1
310;24;53;131;sea;false;ocean;1
311;24;54;168;sea;false;ocean;1
312;24;90;209;sea;false;ocean;1
313;24;93;183;sea;false;ocean;1
314;24;98;188;sea;false;ocean;1
315;24;99;249;sea;false;ocean;1
316;24;108;196;sea;false;ocean;1
317;25;2;152;sea;true;ocean;1
318;25;12;133;sea;false;ocean;1
319;25;15;206;sea;false;ocean;1
320;25;20;115;land;true;rural;1
321;25;23;149;sea;false;ocean;1
322;25;23;181;sea;false;ocean;1
323;25;24;18;land;false;plains;1
324;25;32;188;land;false;hills;1
325;25;59;61;land;false;hills;1
326;25;66;146;sea;false;ocean;1
327;25;71;155;sea;false;ocean;1
328;25;81;208;sea;false;ocean;1
329;5;119;81;land;false;mountain;1
330;25;86;231;sea;false;ocean;1
331;25;88;176;sea;false;ocean;1
332;25;91;175;land;true;hills;1
333;25;93;208;sea;false;ocean;1
334;25;95;234;sea;false;ocean;1
335;25;104;203;sea;false;ocean;1
336;25;132;245;sea;false;ocean;1
337;26;7;163;sea;false;ocean;1
338;26;16;180;sea;false;ocean;1
339;26;23;148;sea;false;ocean;1
340;26;25;184;sea;false;ocean;1
341;26;26;224;sea;false;ocean;1
342;26;35;205;land;true;plains;1
343;26;39;40;land;false;plains;1
344;26;47;181;land;false;rural;1
345;26;57;138;sea;true;ocean;1
346;26;61;32;land;false;mountain;1
347;26;63;140;sea;false;ocean;1
348;26;71;71;land;false;plains;1
349;26;81;140;sea;false;ocean;1
350;26;83;161;sea;true;ocean;1
351;26;84;180;sea;false;ocean;1
352;26;89;182;sea;false;ocean;1
353;26;94;227;sea;false;ocean;1
354;26;126;153;land;false;plains;1
355;26;129;151;land;false;urban;1
356;26;147;139;land;false;plains;1
357;3;80;113;land;false;hills;1
358;27;8;139;sea;false;ocean;1
359;27;9;231;sea;false;ocean;1
360;27;12;198;land;false;urban;1
361;27;25;146;sea;true;ocean;1
362;27;37;17;land;false;plains;1
363;27;61;181;sea;false;ocean;1
364;27;64;167;sea;false;ocean;1
365;27;64;197;sea;false;ocean;1
366;27;65;143;sea;false;ocean;1
367;27;66;150;sea;false;ocean;1
368;27;69;130;sea;false;ocean;1
369;27;69;160;sea;false;ocean;1
370;27;72;191;sea;false;ocean;1
371;27;88;75;land;false;forest;1
372;27;93;160;sea;false;ocean;1
373;27;107;216;sea;false;ocean;1
374;27;110;213;sea;false;ocean;1
375;27;171;172;land;true;mountain;1
376;28;6;193;sea;false;ocean;1
377;28;12;150;sea;false;ocean;1
378;4;63;54;land;false;plains;1
379;28;61;137;sea;false;ocean;1
380;28;61;172;sea;false;ocean;1
381;28;69;201;sea;false;ocean;1
382;28;73;164;sea;false;ocean;1
383;28;78;200;sea;false;ocean;1
384;28;80;226;sea;false;ocean;1
385;28;83;253;sea;false;ocean;1
386;28;86;147;sea;false;ocean;1
387;28;86;201;sea;false;ocean;1
388;28;91;155;sea;false;ocean;1
389;28;93;246;sea;false;ocean;1
390;28;117;242;sea;false;ocean;1
391;28;162;152;land;false;hills;1
392;29;19;139;sea;false;ocean;1
393;29;69;147;sea;false;ocean;1
394;29;78;237;sea;false;ocean;1
395;29;82;167;sea;false;ocean;1
396;29;86;192;sea;false;ocean;1
397;29;88;154;sea;false;ocean;1
398;29;92;159;sea;false;ocean;1
399;29;106;193;sea;false;ocean;1
400;29;111;196;sea;false;ocean;1
401;29;113;213;sea;false;ocean;1
402;29;113;230;sea;false;ocean;1
403;29;118;224;sea;false;ocean;1
404;29;131;247;sea;false;ocean;1
405;30;13;129;sea;false;ocean;1
406;30;17;141;sea;false;ocean;1
407;30;23;217;sea;false;ocean;1
408;30;83;203;sea;false;ocean;1
409;30;85;171;sea;false;ocean;1
410;30;86;237;sea;false;ocean;1
411;30;91;244;sea;false;ocean;1
412;30;92;172;sea;false;ocean;1
413;30;100;154;land;false;hills;1
414;30;114;38;land;false;mountain;1
415;30;182;198;land;false;hills;1
416;31;2;184;sea;false;ocean;1
417;31;10;131;sea;false;ocean;1
418;31;10;149;sea;false;ocean;1
419;31;40;130;land;true;rural;1
420;1;5;152;land;false;forest;1
421;31;58;79;land;true;hills;1
422;31;59;79;land;false;rural;1
423;31;62;40;land;false;plains;1
424;31;63;145;sea;false;ocean;1
425;31;65;156;sea;false;ocean;1
426;31;66;177;sea;false;ocean;1
427;31;75;128;sea;false;ocean;1
428;31;81;224;sea;false;ocean;1
429;31;85;195;sea;false;ocean;1
430;31;86;211;sea;true;ocean;1
431;31;87;177;sea;false;ocean;1
432;31;144;185;land;false;plains;1
433;32;10;209;sea;false;ocean;1
434;32;17;196;sea;false;ocean;1
435;32;18;142;sea;false;ocean;1
436;32;19;214;sea;false;ocean;1
437;32;22;151;sea;false;ocean;1
438;32;72;223;sea;false;ocean;1
439;32;73;168;sea;false;ocean;1
440;32;75;143;sea;false;ocean;1
441;32;79;169;sea;false;ocean;1
442;32;81;253;sea;false;ocean;1
443;32;86;235;sea;false;ocean;1
444;32;91;159;sea;false;ocean;1
445;32;97;142;land;false;hills;1
446;32;105;183;sea;false;ocean;1
447;32;110;219;sea;false;ocean;1
448;32;163;165;land;false;plains;1
449;32;192;213;land;false;forest;1
450;33;2;249;sea;false;ocean;1
451;33;10;154;sea;false;ocean;1
452;33;14;159;sea;false;ocean;1
453;33;19;134;land;false;forest;1
454;33;27;232;sea;false;ocean;1
455;33;63;156;sea;false;ocean;1
456;33;67;157;sea;false;ocean;1
457;6;39;30;land;false;forest;1
458;33;69;184;sea;true;ocean;1
459;33;71;210;sea;false;ocean;1
460;33;72;223;sea;false;ocean;1
461;1;7;77;land;false;rural;1
462;33;80;155;sea;false;ocean;1
463;33;85;174;sea;false;ocean;1
464;33;98;179;sea;false;ocean;1
465;33;126;232;sea;false;ocean;1
466;33;133;155;land;false;plains;1
467;33;137;144;land;false;rural;1
468;33;155;167;land;false;forest;1
469;33;177;199;land;false;forest;1
470;34;5;225;sea;false;ocean;1
471;34;17;135;sea;false;ocean;1
472;34;23;188;sea;false;ocean;1
473;34;57;145;sea;false;ocean;1
474;34;76;159;sea;false;ocean;1
475;34;79;173;sea;false;ocean;1
476;34;79;180;sea;false;ocean;1
477;34;81;122;land;false;forest;1
478;34;86;147;sea;false;ocean;1
479;34;88;143;sea;false;ocean;1
480;34;101;211;sea;false;ocean;1
481;34;123;251;sea;false;ocean;1
482;34;124;197;land;false;rural;1
483;34;125;220;sea;false;ocean;1
484;34;137;242;sea;false;ocean;1
485;34;147;211;land;false;plains;1
486;35;16;205;sea;false;ocean;1
487;35;59;129;sea;false;ocean;1
488;35;67;182;sea;false;ocean;1
489;35;68;132;sea;false;ocean;1
490;35;71;149;sea;false;ocean;1
491;35;80;147;sea;false;ocean;1
492;35;92;216;sea;false;ocean;1
493;35;106;177;sea;false;ocean;1
494;35;108;255;sea;false;ocean;1
495;35;114;222;sea;false;ocean;1
496;35;121;230;sea;false;ocean;1
497;35;145;165;land;true;plains;1
498;36;6;162;sea;false;ocean;1
499;36;18;178;sea;false;ocean;1
500;36;20;176;sea;false;ocean;1
501;36;33;23;land;false;plains;1
502;36;65;175;sea;false;ocean;1
503;36;72;176;sea;false;ocean;1
504;36;78;148;sea;false;ocean;1
505;36;89;228;sea;false;ocean;1
506;36;90;151;sea;false;ocean;1
507;36;106;249;sea;true;ocean;1
508;36;116;226;sea;false;ocean;1
509;36;131;121;land;false;hills;1
510;4;122;101;land;false;forest;1
511;37;17;207;sea;false;ocean;1
512;37;17;246;sea;false;ocean;1
513;37;23;164;sea;false;ocean;1
514;37;26;208;sea;false;ocean;1
515;37;31;234;sea;true;ocean;1
516;37;33;22;land;false;plains;1
517;37;55;48;land;false;plains;1
518;37;62;145;sea;false;ocean;1
519;37;64;139;sea;false;ocean;1
520;37;73;201;sea;false;ocean;1
521;37;82;170;sea;false;ocean;1
522;37;89;174;sea;false;ocean;1
523;37;93;249;sea;false;ocean;1
524;37;96;184;sea;false;ocean;1
525;37;110;227;sea;false;ocean;1
526;38;7;221;land;false;plains;1
527;38;9;224;sea;false;ocean;1
528;38;75;216;sea;true;ocean;1
529;38;79;144;sea;false;ocean;1
530;38;80;177;sea;false;ocean;1
531;38;84;218;sea;false;ocean;1
532;38;93;247;sea;false;ocean;1
533;38;100;169;sea;false;ocean;1
534;38;117;245;sea;false;ocean;1
535;39;10;139;sea;false;ocean;1
536;39;26;148;sea;false;ocean;1
537;39;29;126;land;true;plains;1
538;39;68;129;sea;false;ocean;1
539;39;81;243;sea;false;ocean;1
540;39;82;139;land;false;forest;1
541;39;82;171;sea;false;ocean;1
542;39;84;157;sea;false;ocean;1
543;39;94;218;sea;false;ocean;1
544;39;100;124;land;false;forest;1
545;39;104;175;sea;true;ocean;1
546;39;112;188;sea;false;ocean;1
547;39;136;146;land;false;plains;1
548;8;55;50;land;false;rural;1
549;40;3;132;sea;false;ocean;1
550;40;6;174;sea;false;ocean;1
551;40;26;151;sea;false;ocean;1
552;40;26;203;sea;false;ocean;1
553;40;28;128;sea;false;ocean;1
554;40;36;181;sea;false;ocean;1
555;40;38;28;land;false;plains;1
556;5;47;41;land;false;plains;1
557;40;62;136;sea;false;ocean;1
558;40;68;167;sea;false;ocean;1
559;40;73;155;sea;false;ocean;1
560;40;78;145;sea;false;ocean;1
561;40;78;150;sea;false;ocean;1
562;40;81;148;sea;false;ocean;1
563;40;89;203;sea;false;ocean;1
564;40;97;202;sea;false;ocean;1
565;40;116;243;sea;false;ocean;1
566;40;127;233;sea;false;ocean;1
567;40;130;228;sea;false;ocean;1
568;40;136;244;sea;false;ocean;1
569;41;23;159;sea;false;ocean;1
570;41;30;159;sea;false;ocean;1
571;41;30;199;sea;false;ocean;1
572;41;34;156;sea;false;ocean;1
573;41;57;69;land;true;mountain;1
574;41;61;135;sea;false;ocean;1
575;41;62;133;sea;false;ocean;1
576;41;68;92;land;true;plains;1
577;41;75;152;sea;true;ocean;1
578;41;76;152;sea;false;ocean;1
579;41;85;201;sea;false;ocean;1
580;8;100;38;land;false;forest;1
581;9;205;116;land;false;plains;1
582;41;110;185;sea;false;ocean;1
583;41;113;205;sea;false;ocean;1
584;41;119;223;sea;false;ocean;1
585;42;12;163;sea;false;ocean;1
586;42;18;173;sea;false;ocean;1
587;42;23;204;sea;false;ocean;1
588;42;27;143;sea;false;ocean;1
589;42;28;128;sea;false;ocean;1
590;42;28;155;sea;false;ocean;1
591;42;33;181;sea;false;ocean;1
592;42;36;115;land;false;hills;1
593;42;39;180;sea;false;ocean;1
594;42;40;27;land;false;rural;1
595;42;41;178;sea;false;ocean;1
596;42;42;30;land;false;plains;1
597;5;151;127;land;false;plains;1
598;42;72;151;sea;false;ocean;1
599;42;73;137;sea;false;ocean;1
600;42;73;166;sea;false;ocean;1
601;42;75;152;sea;true;ocean;1
602;42;88;201;sea;false;ocean;1
603;42;88;231;sea;false;ocean;1
604;42;91;186;sea;false;ocean;1
605;42;91;241;sea;false;ocean;1
606;42;100;189;sea;false;ocean;1
607;42;104;207;sea;false;ocean;1
608;43;5;85;land;false;plains;1
609;43;11;100;land;false;plains;1
610;43;16;90;land;false;hills;1
611;43;17;71;land;false;hills;1
612;43;21;179;sea;false;ocean;1
613;43;32;179;land;true;hills;1
614;43;41;219;sea;false;ocean;1
615;10;51;40;land;false;plains;1
616;43;65;140;sea;false;ocean;1
617;43;77;188;sea;false;ocean;1
618;43;84;152;sea;false;ocean;1
619;43;86;139;sea;false;ocean;1
620;43;89;161;sea;false;ocean;1
621;43;92;147;sea;false;ocean;1
622;43;93;192;sea;false;ocean;1
623;43;95;180;sea;false;ocean;1
624;43;111;143;land;false;hills;1
625;43;111;182;sea;false;ocean;1
626;43;115;254;sea;false;ocean;1
627;43;129;189;land;false;plains;1
628;43;183;187;land;false;plains;1
629;44;2;149;sea;false;ocean;1
630;44;5;138;sea;false;ocean;1
631;44;20;222;sea;false;ocean;1
632;44;36;247;sea;false;ocean;1
633;44;82;140;sea;true;ocean;1
634;44;86;122;land;false;rural;1
635;10;68;50;land;false;plains;1
636;44;100;184;sea;false;ocean;1
637;44;100;198;sea;false;ocean;1
638;44;101;216;sea;false;ocean;1
639;44;109;199;sea;false;ocean;1
640;45;7;145;sea;false;ocean;1
641;45;10;148;sea;false;ocean;1
642;45;15;152;sea;false;ocean;1
643;45;22;227;sea;false;ocean;1
644;45;34;232;land;true;plains;1
645;45;37;137;sea;false;ocean;1
646;45;40;16;land;false;hills;1
647;45;47;199;land;false;plains;1
648;45;80;218;sea;false;ocean;1
649;45;86;245;sea;false;ocean;1
650;45;95;232;sea;true;ocean;1
651;45;109;187;sea;false;ocean;1
652;45;118;226;sea;false;ocean;1
653;45;119;193;sea;false;ocean;1
654;45;135;227;sea;false;ocean;1
655;46;3;235;sea;false;ocean;1
656;46;4;166;sea;false;ocean;1
657;46;15;152;sea;true;ocean;1
658;46;44;186;sea;false;ocean;1
659;46;66;144;sea;true;ocean;1
660;46;66;145;sea;false;ocean;1
661;46;69;146;sea;false;ocean;1
662;46;70;162;sea;false;ocean;1
663;46;78;116;land;false;plains;1
664;46;83;102;land;false;plains;1
665;46;83;141;sea;true;ocean;1
666;46;100;220;sea;false;ocean;1
667;46;122;137;land;false;forest;1
668;46;123;208;sea;false;ocean;1
669;46;124;192;land;false;rural;1
670;46;134;239;sea;false;ocean;1
671;47;6;142;sea;false;ocean;1
672;47;6;191;land;false;plains;1
673;47;22;72;land;false;hills;1
674;47;24;161;land;false;urban;1
675;47;29;183;sea;false;ocean;1
676;47;81;145;sea;false;ocean;1
677;47;85;155;sea;false;ocean;1
678;47;88;216;sea;false;ocean;1
679;47;89;136;sea;false;ocean;1
680;47;89;250;sea;false;ocean;1
681;47;91;209;sea;false;ocean;1
682;47;100;157;sea;false;ocean;1
683;47;105;222;sea;false;ocean;1
684;47;121;199;sea;false;ocean;1
685;47;130;228;sea;false;ocean;1
686;47;135;240;sea;false;ocean;1
687;47;167;154;land;false;hills;1
688;10;188;111;land;false;hills;1
689;48;0;143;land;false;plains;1
690;48;7;172;sea;false;ocean;1
691;48;9;239;sea;false;ocean;1
692;48;34;248;sea;false;ocean;1
693;1;44;202;land;false;hills;1
694;48;36;184;sea;false;ocean;1
695;48;37;165;sea;false;ocean;1
696;1;245;160;land;false;hills;1
697;48;40;212;land;false;urban;1
698;2;84;95;land;false;rural;1
699;48;46;137;sea;false;ocean;1
700;48;75;161;sea;true;ocean;1
701;5;160;137;land;true;plains;1
702;48;82;177;sea;true;ocean;1
703;48;82;186;sea;false;ocean;1
704;48;86;148;sea;false;ocean;1
705;48;86;189;sea;false;ocean;1
706;48;102;161;sea;false;ocean;1
707;48;113;195;sea;false;ocean;1
708;48;140;243;sea;false;ocean;1
709;49;4;249;sea;true;ocean;1
710;49;5;157;sea;true;ocean;1
711;49;20;145;sea;false;ocean;1
712;49;23;171;sea;false;ocean;1
713;49;35;143;sea;false;ocean;1
714;49;40;154;sea;false;ocean;1
715;49;43;130;land;false;urban;1
716;49;64;41;land;false;plains;1
717;49;91;241;sea;false;ocean;1
718;49;98;223;sea;false;ocean;1
719;49;109;141;land;true;hills;1
720;49;120;197;sea;false;ocean;1
721;49;122;197;sea;false;ocean;1
722;49;124;154;land;false;rural;1
723;49;147;250;sea;false;ocean;1
724;49;151;145;land;false;hills;1
725;49;187;187;land;false;rural;1
726;49;189;236;land;false;plains;1
727;49;189;245;land;false;plains;1
728;10;189;101;land;false;hills;1
729;50;6;211;sea;false;ocean;1
730;50;10;193;sea;false;ocean;1
731;50;26;142;sea;false;ocean;1
732;50;38;238;sea;false;ocean;1
733;50;40;134;sea;false;ocean;1
734;50;41;163;sea;false;ocean;1
735;50;41;231;sea;false;ocean;1
736;50;42;163;sea;false;ocean;1
737;50;54;184;land;false;rural;1
738;50;75;159;sea;false;ocean;1
739;50;79;181;sea;true;ocean;1
740;50;82;170;sea;false;ocean;1
741;50;88;137;sea;false;ocean;1
742;50;91;188;sea;false;ocean;1
743;50;94;139;sea;false;ocean;1
744;50;99;192;sea;false;ocean;1
745;50;100;161;sea;false;ocean;1
746;6;45;32;land;false;forest;1
747;50;106;182;sea;false;ocean;1
748;51;10;250;sea;false;ocean;1
749;51;21;57;land;false;plains;1
750;51;21;154;sea;false;ocean;1
751;51;27;158;sea;false;ocean;1
752;51;28;155;land;false;plains;1
753;51;29;162;sea;false;ocean;1
754;51;37;170;sea;false;ocean;1
755;51;48;36;land;false;plains;1
756;51;50;130;sea;false;ocean;1
757;51;50;244;sea;false;ocean;1
758;51;79;183;sea;false;ocean;1
759;51;89;160;sea;false;ocean;1
760;51;94;141;sea;false;ocean;1
761;51;102;168;sea;false;ocean;1
762;3;6;38;land;false;plains;1
763;51;109;179;sea;false;ocean;1
764;6;111;104;land;false;plains;1
765;51;123;250;sea;false;ocean;1
766;51;126;251;sea;false;ocean;1
767;51;137;169;land;false;forest;1
768;51;144;250;sea;false;ocean;1
769;51;146;243;sea;false;ocean;1
770;52;8;165;sea;false;ocean;1
771;52;12;187;sea;false;ocean;1
772;52;47;205;sea;false;ocean;1
773;52;82;166;sea;false;ocean;1
774;52;84;128;sea;false;ocean;1
775;52;89;169;sea;false;ocean;1
776;52;97;203;sea;false;ocean;1
777;52;98;137;land;false;forest;1
778;52;117;232;sea;false;ocean;1
779;52;123;119;land;false;rural;1
780;52;133;215;sea;false;ocean;1
781;52;139;230;sea;false;ocean;1
782;52;142;237;sea;false;ocean;1
783;52;191;186;land;false;plains;1
784;52;205;212;land;false;rural;1
785;53;3;119;land;false;rural;1
786;53;32;179;sea;false;ocean;1
787;53;38;159;sea;false;ocean;1
788;53;52;236;sea;false;ocean;1
789;53;71;129;sea;false;ocean;1
790;53;76;145;sea;false;ocean;1
791;53;85;203;sea;false;ocean;1
792;53;92;136;sea;false;ocean;1
793;53;96;191;sea;false;ocean;1
794;53;97;181;sea;false;ocean;1
795;53;103;188;sea;false;ocean;1
796;7;109;102;land;true;forest;1
797;53;122;191;sea;false;ocean;1
798;53;148;210;land;false;plains;1
799;53;211;229;land;false;plains;1
800;54;22;172;sea;false;ocean;1
801;54;22;202;sea;false;ocean;1
802;54;29;173;sea;false;ocean;1
803;54;31;246;sea;false;ocean;1
804;54;41;209;sea;false;ocean;1
805;54;54;149;sea;false;ocean;1
806;54;61;191;land;false;plains;1
807;54;71;139;sea;false;ocean;1
808;54;80;183;sea;false;ocean;1
809;54;82;182;sea;false;ocean;1
810;54;83;95;land;true;hills;1
811;54;84;145;sea;true;ocean;1
812;54;85;164;sea;false;ocean;1
813;54;85;177;sea;false;ocean;1
814;54;90;224;sea;false;ocean;1
815;54;92;153;sea;true;ocean;1
816;7;135;90;land;false;plains;1
817;54;101;191;sea;false;ocean;1
818;54;105;210;sea;true;ocean;1
819;54;129;233;sea;false;ocean;1
820;7;135;150;land;false;plains;1
821;54;138;246;sea;false;ocean;1
822;54;161;241;land;false;rural;1
823;55;26;167;sea;false;ocean;1
824;55;29;179;sea;false;ocean;1
825;55;33;177;sea;false;ocean;1
826;55;41;170;sea;false;ocean;1
827;55;46;174;sea;false;ocean;1
828;55;54;152;sea;false;ocean;1
829;55;57;134;land;false;hills;1
830;55;72;132;sea;false;ocean;1
831;55;84;180;sea;false;ocean;1
832;55;91;182;sea;false;ocean;1
833;55;91;188;sea;false;ocean;1
834;55;92;159;sea;false;ocean;1
835;55;92;233;sea;false;ocean;1
836;55;99;162;sea;false;ocean;1
837;55;103;197;sea;false;ocean;1
838;55;105;231;sea;false;ocean;1
839;55;109;180;sea;false;ocean;1
840;55;137;227;sea;false;ocean;1
841;55;137;252;sea;false;ocean;1
842;55;140;144;land;true;mountain;1
843;55;164;225;land;false;forest;1
844;3;58;224;land;false;rural;1
845;56;14;128;land;false;rural;1
846;56;22;175;sea;false;ocean;1
847;56;29;171;sea;false;ocean;1
848;56;37;229;sea;false;ocean;1
849;56;41;137;land;true;rural;1
850;56;46;135;sea;false;ocean;1
851;56;53;237;sea;false;ocean;1
852;56;82;156;sea;false;ocean;1
853;56;95;171;sea;false;ocean;1
854;56;102;225;sea;false;ocean;1
855;56;106;240;sea;false;ocean;1
856;56;108;243;sea;false;ocean;1
857;56;109;116;land;false;hills;1
858;56;122;253;sea;false;ocean;1
859;56;129;241;sea;false;ocean;1
860;56;130;235;sea;false;ocean;1
861;56;135;241;sea;false;ocean;1
862;56;142;246;sea;false;ocean;1
863;57;29;150;sea;false;ocean;1
864;57;32;141;sea;false;ocean;1
865;57;33;166;sea;false;ocean;1
866;57;37;197;sea;false;ocean;1
867;57;37;218;sea;false;ocean;1
868;57;40;184;sea;false;ocean;1
869;57;42;248;sea;false;ocean;1
870;57;53;37;land;false;plains;1
871;8;11;12;land;false;plains;1
872;57;63;189;land;false;hills;1
873;57;75;137;sea;true;ocean;1
874;57;86;130;sea;false;ocean;1
875;57;91;208;sea;false;ocean;1
876;57;102;199;sea;false;ocean;1
877;57;125;200;land;false;forest;1
878;57;126;227;sea;false;ocean;1
879;57;144;165;land;false;plains;1
880;8;67;50;land;false;hills;1
881;58;8;106;land;false;plains;1
882;58;11;96;land;false;plains;1
883;58;15;211;sea;false;ocean;1
884;58;20;217;sea;false;ocean;1
885;58;32;201;sea;false;ocean;1
886;58;34;205;sea;false;ocean;1
887;58;35;197;sea;false;ocean;1
888;58;39;139;sea;false;ocean;1
889;58;39;166;sea;false;ocean;1
890;58;49;123;land;false;forest;1
891;58;76;151;sea;false;ocean;1
892;58;85;145;sea;false;ocean;1
893;58;85;174;sea;false;ocean;1
894;58;88;160;sea;true;ocean;1
895;58;94;137;sea;false;ocean;1
896;58;98;230;sea;false;ocean;1
897;58;101;159;sea;false;ocean;1
898;58;103;200;sea;false;ocean;1
899;58;103;248;sea;false;ocean;1
900;58;110;210;sea;false;ocean;1
901;58;111;163;sea;false;ocean;1
902;58;115;243;sea;false;ocean;1
903;58;118;240;sea;false;ocean;1
904;59;3;225;sea;false;ocean;1
905;59;15;196;sea;false;ocean;1
906;59;31;215;sea;false;ocean;1
907;59;40;156;sea;false;ocean;1
908;59;41;146;sea;false;ocean;1
909;59;48;190;sea;false;ocean;1
910;11;61;56;land;false;plains;1
911;59;90;175;sea;false;ocean;1
912;59;93;172;sea;false;ocean;1
913;59;93;189;sea;false;ocean;1
914;59;97;148;sea;false;ocean;1
915;59;112;200;sea;false;ocean;1
916;59;114;144;land;false;plains;1
917;59;126;232;sea;false;ocean;1
918;4;10;100;land;false;hills;1
919;60;24;162;sea;false;ocean;1
920;60;32;176;sea;false;ocean;1
921;60;37;180;sea;false;ocean;1
922;60;65;163;land;true;plains;1
923;60;90;187;sea;false;ocean;1
924;60;95;132;sea;false;ocean;1
925;60;102;144;sea;false;ocean;1
926;60;102;172;sea;false;ocean;1
927;60;106;183;sea;false;ocean;1
928;60;107;178;sea;false;ocean;1
929;60;112;167;land;false;forest;1
930;60;119;178;sea;false;ocean;1
931;60;136;249;sea;true;ocean;1
932;60;165;223;land;false;forest;1
933;61;47;119;land;false;plains;1
934;61;50;151;sea;false;ocean;1
935;12;156;38;land;false;mountain;1
936;61;79;136;sea;false;ocean;1
937;61;84;137;sea;false;ocean;1
938;61;87;134;sea;false;ocean;1
939;61;87;143;sea;false;ocean;1
940;61;88;139;sea;false;ocean;1
941;61;88;182;sea;false;ocean;1
942;61;91;133;sea;false;ocean;1
943;61;96;132;sea;false;ocean;1
944;61;97;161;sea;true;ocean;1
945;61;103;209;sea;false;ocean;1
946;61;118;190;sea;false;ocean;1
947;61;124;229;sea;false;ocean;1
948;8;76;60;land;false;marsh;1
949;62;22;249;sea;false;ocean;1
950;4;19;29;land;true;plains;1
951;62;46;143;sea;false;ocean;1
952;62;47;149;sea;false;ocean;1
953;62;47;195;sea;false;ocean;1
954;4;122;207;land;true;plains;1
955;62;58;189;sea;false;ocean;1
956;62;60;167;sea;false;ocean;1
957;62;78;130;sea;false;ocean;1
958;62;79;136;sea;false;ocean;1
959;62;85;136;sea;false;ocean;1
960;62;88;131;sea;false;ocean;1
961;62;91;138;sea;false;ocean;1
962;62;91;184;sea;false;ocean;1
963;62;92;142;sea;false;ocean;1
964;62;104;242;sea;false;ocean;1
965;62;112;180;sea;false;ocean;1
966;62;134;220;sea;false;ocean;1
967;63;3;242;sea;false;ocean;1
968;63;5;187;land;false;rural;1
969;63;29;186;sea;false;ocean;1
970;63;29;230;sea;false;ocean;1
971;63;33;163;sea;false;ocean;1
972;63;36;159;sea;false;ocean;1
973;63;38;237;sea;false;ocean;1
974;63;39;139;sea;false;ocean;1
975;63;52;215;land;true;plains;1
976;63;58;173;land;true;plains;1
977;63;62;182;sea;false;ocean;1
978;63;83;155;sea;false;ocean;1
979;63;91;133;sea;false;ocean;1
980;63;96;183;sea;false;ocean;1
981;63;98;155;sea;false;ocean;1
982;63;104;212;sea;false;ocean;1
983;63;110;179;sea;false;ocean;1
984;63;111;175;sea;false;ocean;1
985;8;87;127;land;false;plains;1
986;63;143;237;sea;true;ocean;1
987;63;152;255;sea;false;ocean;1
988;63;153;252;land;false;forest;1
989;63;154;231;land;false;hills;1
990;64;38;166;sea;false;ocean;1
991;64;42;190;sea;false;ocean;1
992;64;44;133;sea;false;ocean;1
993;64;50;134;sea;false;ocean;1
994;64;86;162;sea;false;ocean;1
995;64;88;148;sea;false;ocean;1
996;64;90;165;sea;false;ocean;1
997;64;95;195;sea;true;ocean;1
998;5;0;115;land;false;forest;1
999;64;113;231;sea;false;ocean;1
1000;64;122;234;sea;false;ocean;1
1001;64;134;209;sea;true;ocean;1
1002;64;140;230;land;false;hills;1
1003;64;151;247;sea;false;ocean;1
1004;64;163;155;land;false;plains;1
1005;65;39;181;sea;false;ocean;1
1006;65;54;132;sea;false;ocean;1
1007;65;55;203;sea;false;ocean;1
1008;65;57;240;sea;true;ocean;1
1009;65;58;134;sea;false;ocean;1
1010;65;58;208;sea;false;ocean;1
1011;65;85;75;land;true;plains;1
1012;65;89;139;sea;false;ocean;1
1013;65;89;152;sea;false;ocean;1
1014;65;95;138;sea;false;ocean;1
1015;65;96;170;sea;false;ocean;1
1016;65;97;132;sea;false;ocean;1
1017;65;102;228;sea;false;ocean;1
1018;65;103;155;sea;true;ocean;1
1019;65;106;203;sea;false;ocean;1
1020;65;106;232;sea;false;ocean;1
1021;65;107;130;land;false;mountain;1
1022;65;110;205;sea;false;ocean;1
1023;65;121;223;sea;false;ocean;1
1024;65;124;201;sea;false;ocean;1
1025;65;128;194;sea;false;ocean;1
1026;65;131;158;land;true;plains;1
1027;65;157;247;sea;false;ocean;1
1028;66;4;226;land;true;urban;1
1029;5;103;122;land;false;plains;1
1030;66;32;172;sea;false;ocean;1
1031;66;42;147;sea;false;ocean;1
1032;66;49;163;sea;false;ocean;1
1033;66;51;141;sea;false;ocean;1
1034;66;56;136;sea;false;ocean;1
1035;66;58;212;sea;false;ocean;1
1036;66;62;202;sea;false;ocean;1
1037;66;91;95;land;false;hills;1
1038;66;94;148;sea;false;ocean;1
1039;66;95;160;sea;false;ocean;1
1040;66;96;151;sea;false;ocean;1
1041;66;96;152;sea;false;ocean;1
1042;66;100;173;sea;false;ocean;1
1043;66;108;162;sea;false;ocean;1
1044;66;110;168;sea;false;ocean;1
1045;66;111;163;sea;false;ocean;1
1046;66;117;181;sea;false;ocean;1
1047;66;123;195;sea;false;ocean;1
1048;66;125;221;sea;false;ocean;1
1049;66;130;247;sea;true;ocean;1
1050;9;11;14;land;false;plains;1
1051;66;184;193;land;false;forest;1
1052;67;28;163;sea;false;ocean;1
1053;67;33;19;land;true;mountain;1
1054;67;40;224;land;true;rural;1
1055;67;45;129;sea;false;ocean;1
1056;67;46;242;sea;true;ocean;1
1057;67;49;143;sea;false;ocean;1
1058;67;51;138;sea;false;ocean;1
1059;67;61;156;sea;false;ocean;1
1060;67;83;200;land;true;urban;1
1061;67;90;176;sea;false;ocean;1
1062;67;94;175;sea;false;ocean;1
1063;67;94;189;sea;false;ocean;1
1064;67;100;141;sea;false;ocean;1
1065;67;102;193;sea;false;ocean;1
1066;67;102;208;sea;true;ocean;1
1067;67;102;211;sea;false;ocean;1
1068;67;106;186;sea;false;ocean;1
1069;67;107;204;sea;true;ocean;1
1070;67;108;119;land;true;plains;1
1071;67;118;173;sea;false;ocean;1
1072;67;140;209;land;false;forest;1
1073;67;140;213;sea;false;ocean;1
1074;67;148;249;sea;false;ocean;1
1075;67;153;216;land;false;forest;1
1076;67;217;225;land;false;plains;1
1077;68;41;115;land;false;rural;1
1078;68;52;164;sea;false;ocean;1
1079;68;54;145;sea;false;ocean;1
1080;68;57;182;sea;false;ocean;1
1081;68;61;205;sea;false;ocean;1
1082;68;62;145;land;false;hills;1
1083;68;67;146;sea;false;ocean;1
1084;13;108;102;land;false;plains;1
1085;68;96;181;sea;false;ocean;1
1086;68;99;165;sea;false;ocean;1
1087;68;101;196;sea;false;ocean;1
1088;68;103;181;sea;false;ocean;1
1089;68;106;202;sea;false;ocean;1
1090;68;113;192;sea;false;ocean;1
1091;68;114;166;sea;false;ocean;1
1092;68;116;252;sea;false;ocean;1
1093;68;127;204;sea;false;ocean;1
1094;68;129;242;sea;false;ocean;1
1095;68;137;181;land;false;rural;1
1096;68;150;240;sea;false;ocean;1
1097;69;38;140;sea;false;ocean;1
1098;69;40;210;sea;false;ocean;1
1099;69;44;134;sea;false;ocean;1
1100;69;64;156;sea;false;ocean;1
1101;69;65;242;sea;false;ocean;1
1102;69;93;146;sea;false;ocean;1
1103;69;95;138;sea;false;ocean;1
1104;69;100;206;sea;true;ocean;1
1105;69;107;158;sea;false;ocean;1
1106;69;107;234;sea;false;ocean;1
1107;69;120;233;sea;false;ocean;1
1108;69;121;210;sea;false;ocean;1
1109;69;127;196;sea;false;ocean;1
1110;69;130;237;sea;false;ocean;1
1111;69;131;250;sea;false;ocean;1
1112;69;132;196;sea;false;ocean;1
1113;69;133;208;sea;false;ocean;1
1114;69;178;237;land;false;rural;1
1115;70;1;198;land;false;plains;1
1116;70;4;248;sea;false;ocean;1
1117;70;40;185;sea;false;ocean;1
1118;70;60;210;sea;false;ocean;1
1119;70;64;190;sea;false;ocean;1
1120;70;96;152;sea;false;ocean;1
1121;70;98;146;sea;false;ocean;1
1122;70;99;196;sea;false;ocean;1
1123;70;102;168;sea;false;ocean;1
1124;70;107;156;sea;false;ocean;1
1125;70;110;196;sea;false;ocean;1
1126;70;112;185;sea;false;ocean;1
1127;70;117;180;sea;false;ocean;1
1128;70;125;185;sea;false;ocean;1
1129;71;65;171;sea;false;ocean;1
1130;71;87;71;land;true;plains;1
1131;71;99;146;sea;false;ocean;1
1132;71;99;180;sea;false;ocean;1
1133;71;108;158;sea;true;ocean;1
1134;71;120;231;sea;false;ocean;1
1135;71;121;237;sea;false;ocean;1
1136;71;133;241;sea;true;ocean;1
1137;71;137;179;land;false;plains;1
1138;71;138;247;sea;false;ocean;1
1139;71;141;250;sea;false;ocean;1
1140;72;33;180;sea;false;ocean;1
1141;72;43;214;sea;false;ocean;1
1142;72;51;13;land;false;plains;1
1143;72;53;162;sea;false;ocean;1
1144;5;109;210;land;false;rural;1
1145;72;63;185;sea;false;ocean;1
1146;72;66;253;sea;false;ocean;1
1147;72;92;161;sea;true;ocean;1
1148;72;101;145;land;false;plains;1
1149;72;104;203;sea;false;ocean;1
1150;72;105;178;sea;false;ocean;1
1151;72;118;206;sea;false;ocean;1
1152;72;126;222;sea;false;ocean;1
1153;72;128;245;sea;false;ocean;1
1154;72;143;217;sea;false;ocean;1
1155;72;150;242;sea;false;ocean;1
1156;72;152;239;sea;true;ocean;1
1157;6;3;123;land;false;plains;1
1158;73;16;198;land;false;urban;1
1159;73;43;146;sea;false;ocean;1
1160;73;51;187;sea;false;ocean;1
1161;73;57;128;sea;false;ocean;1
1162;73;57;145;land;false;plains;1
1163;73;63;143;sea;false;ocean;1
1164;73;64;198;sea;false;ocean;1
1165;73;66;149;sea;false;ocean;1
1166;73;73;47;land;false;rural;1
1167;73;94;157;sea;false;ocean;1
1168;73;106;230;sea;false;ocean;1
1169;73;118;106;land;false;plains;1
1170;73;126;208;sea;false;ocean;1
1171;73;153;243;sea;false;ocean;1
1172;9;58;42;land;false;plains;1
1173;74;6;129;land;false;forest;1
1174;74;45;216;sea;false;ocean;1
1175;74;48;155;sea;true;ocean;1
1176;74;52;140;sea;false;ocean;1
1177;74;54;129;sea;false;ocean;1
1178;74;59;184;sea;false;ocean;1
1179;74;65;221;sea;false;ocean;1
1180;74;71;182;land;true;plains;1
1181;74;71;238;sea;false;ocean;1
1182;9;63;58;land;false;forest;1
1183;74;109;237;sea;false;ocean;1
1184;75;38;175;sea;false;ocean;1
1185;75;44;192;sea;false;ocean;1
1186;75;50;196;sea;false;ocean;1
1187;75;51;155;sea;false;ocean;1
1188;75;53;182;sea;false;ocean;1
1189;75;62;186;sea;false;ocean;1
1190;75;72;176;sea;false;ocean;1
1191;75;105;169;sea;false;ocean;1
1192;75;107;174;sea;true;ocean;1
1193;75;108;196;sea;false;ocean;1
1194;75;115;179;sea;false;ocean;1
1195;75;124;239;sea;false;ocean;1
1196;75;128;213;sea;false;ocean;1
1197;75;129;194;sea;false;ocean;1
1198;75;131;212;sea;true;ocean;1
1199;75;143;213;sea;false;ocean;1
1200;9;118;89;land;false;plains;1
1201;76;17;228;sea;false;ocean;1
1202;76;31;206;land;true;urban;1
1203;76;35;246;sea;false;ocean;1
1204;76;44;208;sea;false;ocean;1
1205;76;50;216;sea;false;ocean;1
1206;76;55;133;sea;false;ocean;1
1207;76;57;184;sea;false;ocean;1
1208;76;59;135;sea;false;ocean;1
1209;76;61;178;sea;false;ocean;1
1210;76;72;55;land;false;rural;1
1211;76;112;229;sea;true;ocean;1
1212;76;117;218;sea;false;ocean;1
1213;76;120;248;sea;false;ocean;1
1214;76;126;192;sea;false;ocean;1
1215;76;127;212;sea;false;ocean;1
1216;76;135;225;sea;false;ocean;1
1217;76;140;216;sea;false;ocean;1
1218;76;154;251;sea;false;ocean;1
1219;76;188;119;land;false;plains;1
1220;77;13;143;land;false;plains;1
1221;77;30;209;sea;false;ocean;1
1222;77;32;190;sea;false;ocean;1
1223;77;34;165;land;false;plains;1
1224;77;53;204;sea;false;ocean;1
1225;77;69;164;sea;false;ocean;1
1226;77;70;46;land;false;plains;1
1227;77;77;158;sea;false;ocean;1
1228;77;96;164;sea;false;ocean;1
1229;77;98;178;sea;false;ocean;1
1230;77;105;197;sea;false;ocean;1
1231;77;106;187;sea;false;ocean;1
1232;77;107;169;sea;false;ocean;1
1233;77;112;154;sea;false;ocean;1
1234;77;126;192;sea;false;ocean;1
1235;77;128;199;sea;false;ocean;1
1236;77;128;241;sea;false;ocean;1
1237;78;21;177;land;true;plains;1
1238;78;27;171;land;false;plains;1
1239;78;32;203;land;true;plains;1
1240;78;36;200;sea;false;ocean;1
1241;78;47;164;sea;false;ocean;1
1242;78;56;205;land;false;forest;1
1243;78;59;157;sea;false;ocean;1
1244;78;60;135;sea;false;ocean;1
1245;78;76;53;land;true;urban;1
1246;78;119;182;sea;false;ocean;1
1247;78;141;206;sea;false;ocean;1
1248;78;202;221;land;false;plains;1
1249;79;12;181;land;false;plains;1
1250;79;33;220;sea;false;ocean;1
1251;79;44;184;land;false;forest;1
1252;79;49;208;sea;true;ocean;1
1253;79;56;137;sea;false;ocean;1
1254;79;63;214;sea;false;ocean;1
1255;79;72;117;land;false;plains;1
1256;79;95;207;land;false;rural;1
1257;79;100;175;sea;false;ocean;1
1258;79;101;167;sea;false;ocean;1
1259;79;101;181;sea;false;ocean;1
1260;79;106;202;sea;false;ocean;1
1261;79;114;174;sea;false;ocean;1
1262;10;141;106;land;false;plains;1
1263;79;130;215;sea;false;ocean;1
1264;79;130;217;sea;false;ocean;1
1265;80;37;189;sea;false;ocean;1
1266;80;50;199;land;false;urban;1
1267;80;50;225;sea;false;ocean;1
1268;80;59;213;sea;false;ocean;1
1269;80;60;139;sea;false;ocean;1
1270;80;61;163;sea;false;ocean;1
1271;80;70;79;land;true;mountain;1
1272;80;70;145;sea;false;ocean;1
1273;80;99;162;sea;false;ocean;1
1274;80;105;192;sea;false;ocean;1
1275;80;119;250;sea;true;ocean;1
1276;80;121;208;sea;false;ocean;1
1277;80;131;199;sea;false;ocean;1
1278;80;158;235;sea;false;ocean;1
1279;81;36;229;sea;false;ocean;1
1280;81;59;230;sea;false;ocean;1
1281;81;60;143;sea;false;ocean;1
1282;81;69;174;land;false;hills;1
1283;81;73;155;sea;false;ocean;1
1284;81;120;249;sea;false;ocean;1
1285;81;137;202;sea;false;ocean;1
1286;82;38;129;land;false;rural;1
1287;82;41;143;land;false;plains;1
1288;82;57;156;sea;false;ocean;1
1289;82;68;175;sea;false;ocean;1
1290;82;75;194;sea;false;ocean;1
1291;82;82;253;sea;false;ocean;1
1292;82;110;39;land;false;forest;1
1293;82;112;209;sea;false;ocean;1
1294;82;116;192;sea;false;ocean;1
1295;11;44;57;land;false;plains;1
1296;82;125;177;sea;false;ocean;1
1297;82;127;206;sea;false;ocean;1
1298;82;136;202;sea;false;ocean;1
1299;82;139;222;sea;false;ocean;1
1300;83;61;204;land;false;forest;1
1301;83;69;179;sea;false;ocean;1
1302;83;70;141;sea;false;ocean;1
1303;83;72;170;sea;false;ocean;1
1304;83;82;173;sea;false;ocean;1
1305;7;7;47;land;false;rural;1
1306;83;87;135;land;true;hills;1
1307;83;111;173;sea;false;ocean;1
1308;83;120;244;sea;false;ocean;1
1309;83;123;180;sea;false;ocean;1
1310;83;125;223;sea;false;ocean;1
1311;83;126;185;sea;false;ocean;1
1312;83;139;207;sea;false;ocean;1
1313;83;145;215;sea;false;ocean;1
1314;83;149;251;sea;false;ocean;1
1315;83;189;97;land;false;plains;1
1316;84;14;156;land;false;plains;1
1317;84;60;55;land;true;hills;1
1318;84;62;215;sea;false;ocean;1
1319;84;63;205;sea;false;ocean;1
1320;84;66;212;land;false;plains;1
1321;84;74;161;sea;false;ocean;1
1322;84;115;180;sea;false;ocean;1
1323;84;117;206;sea;false;ocean;1
1324;84;118;198;sea;false;ocean;1
1325;84;122;220;sea;false;ocean;1
1326;84;126;179;sea;false;ocean;1
1327;84;137;250;sea;false;ocean;1
1328;84;173;160;land;true;plains;1
1329;85;48;155;land;false;plains;1
1330;85;111;174;sea;false;ocean;1
1331;85;112;184;sea;false;ocean;1
1332;85;121;242;sea;false;ocean;1
1333;85;130;239;sea;false;ocean;1
1334;85;131;249;sea;false;ocean;1
1335;85;132;42;land;true;urban;1
1336;85;134;245;sea;false;ocean;1
1337;85;137;199;sea;true;ocean;1
1338;85;138;238;sea;false;ocean;1
1339;85;150;209;land;false;forest;1
1340;11;168;167;land;false;plains;1
1341;86;63;163;sea;false;ocean;1
1342;86;70;158;sea;false;ocean;1
1343;86;113;129;land;false;hills;1
1344;86;113;176;sea;false;ocean;1
1345;86;134;215;sea;false;ocean;1
1346;86;135;227;sea;false;ocean;1
1347;86;144;207;sea;false;ocean;1
1348;86;149;225;land;false;plains;1
1349;86;156;134;land;false;plains;1
1350;87;52;192;sea;false;ocean;1
1351;87;57;199;land;false;plains;1
1352;87;67;155;sea;false;ocean;1
1353;87;68;159;sea;false;ocean;1
1354;87;113;207;sea;false;ocean;1
1355;87;117;228;sea;false;ocean;1
1356;87;120;209;sea;false;ocean;1
1357;87;120;234;sea;false;ocean;1
1358;87;124;196;sea;false;ocean;1
1359;87;131;49;land;false;plains;1
1360;7;106;226;land;false;plains;1
1361;87;195;244;land;false;plains;1
1362;88;17;178;land;false;plains;1
1363;88;39;190;land;true;plains;1
1364;88;59;201;sea;false;ocean;1
1365;88;60;158;sea;false;ocean;1
1366;88;61;176;sea;false;ocean;1
1367;88;63;172;sea;false;ocean;1
1368;88;71;45;land;true;mountain;1
1369;88;73;252;sea;false;ocean;1
1370;88;74;218;sea;false;ocean;1
1371;88;75;244;sea;false;ocean;1
1372;88;80;165;sea;false;ocean;1
1373;88;86;221;land;false;hills;1
1374;88;105;129;land;false;hills;1
1375;88;116;201;sea;false;ocean;1
1376;88;131;216;sea;false;ocean;1
1377;88;135;225;sea;false;ocean;1
1378;88;148;231;sea;false;ocean;1
1379;88;178;133;land;true;forest;1
1380;89;24;22;land;false;plains;1
1381;89;79;241;sea;false;ocean;1
1382;89;119;187;sea;false;ocean;1
1383;89;130;26;land;false;urban;1
1384;89;140;197;sea;false;ocean;1
1385;89;140;231;sea;false;ocean;1
1386;89;140;241;sea;false;ocean;1
1387;14;239;73;land;false;forest;1
1388;90;52;159;land;false;plains;1
1389;90;54;201;sea;false;ocean;1
1390;90;55;188;sea;false;ocean;1
1391;90;60;211;sea;false;ocean;1
1392;90;63;173;sea;false;ocean;1
1393;90;75;226;sea;false;ocean;1
1394;90;78;204;sea;true;ocean;1
1395;90;117;212;sea;false;ocean;1
1396;90;125;218;sea;false;ocean;1
1397;90;127;238;sea;false;ocean;1
1398;90;148;249;sea;false;ocean;1
1399;91;12;102;land;false;forest;1
1400;91;57;197;sea;false;ocean;1
1401;91;76;166;sea;false;ocean;1
1402;91;86;195;land;false;forest;1
1403;91;108;136;land;false;hills;1
1404;91;111;185;sea;false;ocean;1
1405;91;114;184;sea;false;ocean;1
1406;91;115;136;land;false;rural;1
1407;91;129;32;land;true;plains;1
1408;91;135;199;sea;true;ocean;1
1409;91;135;228;sea;false;ocean;1
1410;91;183;217;land;false;hills;1
1411;92;56;221;sea;false;ocean;1
1412;92;69;220;sea;false;ocean;1
1413;92;91;188;sea;false;ocean;1
1414;92;91;231;sea;false;ocean;1
1415;92;136;251;sea;false;ocean;1
1416;92;143;212;sea;false;ocean;1
1417;92;150;220;sea;false;ocean;1
1418;7;106;237;land;true;forest;1
1419;93;26;94;land;false;rural;1
1420;93;49;165;land;false;plains;1
1421;93;60;200;sea;true;ocean;1
1422;93;62;219;sea;false;ocean;1
1423;93;64;183;land;false;plains;1
1424;93;76;208;sea;false;ocean;1
1425;93;86;58;land;false;urban;1
1426;93;132;195;sea;false;ocean;1
1427;15;17;16;land;false;forest;1
1428;94;59;210;sea;false;ocean;1
1429;94;64;209;sea;false;ocean;1
1430;94;66;176;sea;false;ocean;1
1431;94;66;179;sea;false;ocean;1
1432;94;74;226;sea;false;ocean;1
1433;94;75;168;land;false;plains;1
1434;94;76;211;sea;false;ocean;1
1435;94;106;127;land;false;hills;1
1436;94;129;204;sea;true;ocean;1
1437;94;153;214;sea;false;ocean;1
1438;94;154;243;sea;false;ocean;1
1439;12;94;123;land;false;plains;1
1440;95;13;231;land;false;hills;1
1441;95;79;166;sea;false;ocean;1
1442;95;79;231;sea;false;ocean;1
1443;95;85;179;sea;false;ocean;1
1444;95;95;238;sea;false;ocean;1
1445;95;123;223;sea;false;ocean;1
1446;95;126;217;sea;false;ocean;1
1447;95;127;248;sea;false;ocean;1
1448;95;134;208;sea;false;ocean;1
1449;95;147;238;sea;false;ocean;1
1450;96;65;253;sea;false;ocean;1
1451;96;69;207;sea;false;ocean;1
1452;96;83;163;land;false;forest;1
1453;7;128;218;land;false;forest;1
1454;96;127;196;sea;false;ocean;1
1455;96;134;220;sea;false;ocean;1
1456;96;142;205;sea;false;ocean;1
1457;97;31;170;land;false;hills;1
1458;97;73;160;sea;false;ocean;1
1459;97;76;220;sea;false;ocean;1
1460;97;130;222;sea;false;ocean;1
1461;97;136;202;sea;true;ocean;1
1462;97;138;230;sea;false;ocean;1
1463;97;147;247;sea;false;ocean;1
1464;97;163;230;sea;false;ocean;1
1465;98;52;38;land;true;plains;1
1466;98;52;222;sea;false;ocean;1
1467;98;75;214;sea;false;ocean;1
1468;98;76;175;land;false;urban;1
1469;98;88;60;land;false;urban;1
1470;98;95;249;sea;false;ocean;1
1471;98;129;243;sea;false;ocean;1
1472;98;139;237;sea;false;ocean;1
1473;99;33;254;sea;false;ocean;1
1474;99;70;174;sea;false;ocean;1
1475;99;78;239;sea;false;ocean;1
1476;99;93;199;sea;false;ocean;1
1477;99;99;172;land;false;plains;1
1478;99;101;55;land;false;plains;1
1479;99;149;243;sea;false;ocean;1
1480;100;40;240;sea;false;ocean;1
1481;100;46;232;sea;false;ocean;1
1482;100;64;186;sea;false;ocean;1
1483;100;84;111;land;false;mountain;1
1484;100;90;191;sea;false;ocean;1
1485;100;95;179;land;false;rural;1
1486;100;134;245;sea;false;ocean;1
1487;100;142;204;sea;false;ocean;1
1488;100;149;212;sea;false;ocean;1
1489;100;155;221;sea;false;ocean;1
1490;100;175;250;sea;false;ocean;1
1491;101;73;174;sea;false;ocean;1
1492;101;76;173;sea;false;ocean;1
1493;101;112;132;land;false;rural;1
1494;101;125;219;sea;false;ocean;1
1495;8;1;105;land;false;plains;1
1496;101;136;172;land;true;plains;1
1497;101;138;242;sea;false;ocean;1
1498;101;144;206;sea;false;ocean;1
1499;101;154;254;sea;false;ocean;1
1500;101;166;247;sea;false;ocean;1
1501;8;12;48;land;false;plains;1
1502;102;46;243;sea;false;ocean;1
1503;102;75;188;sea;false;ocean;1
1504;102;79;235;sea;false;ocean;1
1505;102;94;211;sea;false;ocean;1
1506;102;95;205;sea;false;ocean;1
1507;102;144;215;sea;false;ocean;1
1508;102;161;249;sea;false;ocean;1
1509;102;163;252;sea;false;ocean;1
1510;103;86;174;sea;false;ocean;1
1511;103;92;190;sea;false;ocean;1
1512;103;96;225;sea;false;ocean;1
1513;103;171;253;sea;false;ocean;1
1514;104;2;95;land;false;urban;1
1515;104;26;131;land;false;plains;1
1516;104;74;208;sea;false;ocean;1
1517;104;81;226;sea;false;ocean;1
1518;104;97;162;land;false;urban;1
1519;15;21;92;land;false;hills;1
1520;104;129;218;sea;false;ocean;1
1521;104;147;249;sea;false;ocean;1
1522;104;148;221;sea;false;ocean;1
1523;104;156;24;land;false;forest;1
1524;104;157;232;sea;false;ocean;1
1525;105;35;118;land;false;plains;1
1526;105;41;198;land;true;plains;1
1527;105;58;141;land;false;rural;1
1528;105;67;194;land;false;plains;1
1529;105;77;226;sea;false;ocean;1
1530;15;63;30;land;false;plains;1
1531;105;89;170;land;false;plains;1
1532;105;116;137;land;false;hills;1
1533;105;136;136;land;false;plains;1
1534;105;140;223;sea;false;ocean;1
1535;105;147;230;sea;false;ocean;1
1536;105;185;191;land;false;hills;1
1537;106;73;229;sea;false;ocean;1
1538;106;86;242;sea;false;ocean;1
1539;106;93;252;sea;false;ocean;1
1540;106;100;204;sea;false;ocean;1
1541;106;135;217;sea;false;ocean;1
1542;106;148;238;sea;false;ocean;1
1543;106;162;229;sea;false;ocean;1
1544;107;134;221;sea;false;ocean;1
1545;107;136;230;sea;false;ocean;1
1546;107;142;244;sea;false;ocean;1
1547;107;144;245;sea;false;ocean;1
1548;107;156;222;sea;false;ocean;1
1549;108;55;115;land;false;plains;1
1550;108;58;226;sea;false;ocean;1
1551;108;86;179;sea;false;ocean;1
1552;108;96;251;sea;false;ocean;1
1553;108;148;229;sea;false;ocean;1
1554;108;160;218;sea;false;ocean;1
1555;109;83;229;sea;false;ocean;1
1556;8;17;146;land;false;plains;1
1557;109;93;189;sea;false;ocean;1
1558;109;140;114;land;false;plains;1
1559;8;23;29;land;true;rural;1
1560;109;214;238;land;true;plains;1
1561;110;75;198;sea;false;ocean;1
1562;110;138;240;sea;false;ocean;1
1563;110;144;233;sea;true;ocean;1
1564;110;149;60;land;false;urban;1
1565;110;170;236;sea;false;ocean;1
1566;111;86;177;sea;false;ocean;1
1567;111;106;71;land;true;plains;1
1568;111;138;224;sea;true;ocean;1
1569;111;169;251;sea;false;ocean;1
1570;112;26;31;land;false;mountain;1
1571;112;88;178;sea;false;ocean;1
1572;112;168;226;sea;true;ocean;1
1573;113;70;222;sea;false;ocean;1
1574;113;91;239;sea;false;ocean;1
1575;113;137;183;land;false;rural;1
1576;113;140;160;land;false;urban;1
1577;113;141;228;sea;false;ocean;1
1578;113;150;230;sea;false;ocean;1
1579;16;17;16;land;false;urban;1
1580;114;145;55;land;false;rural;1
1581;114;168;232;sea;false;ocean;1
1582;8;46;137;land;false;mountain;1
1583;115;60;105;land;true;plains;1
1584;115;64;240;sea;false;ocean;1
1585;115;128;7;land;true;plains;1
1586;115;138;185;land;false;rural;1
1587;115;144;162;land;false;plains;1
1588;115;147;178;land;false;forest;1
1589;116;56;219;land;false;hills;1
1590;116;74;216;sea;false;ocean;1
1591;116;138;152;land;false;rural;1
1592;116;152;44;land;false;rural;1
1593;116;152;243;sea;false;ocean;1
1594;116;155;246;sea;true;ocean;1
1595;116;160;39;land;false;forest;1
1596;116;163;237;sea;true;ocean;1
1597;116;172;244;sea;false;ocean;1
1598;116;179;246;sea;false;ocean;1
1599;116;193;183;land;false;hills;1
1600;117;74;227;sea;false;ocean;1
1601;117;89;119;land;true;plains;1
1602;117;103;181;land;false;plains;1
1603;117;162;251;sea;false;ocean;1
1604;117;178;241;sea;false;ocean;1
1605;118;82;211;sea;false;ocean;1
1606;118;97;216;sea;false;ocean;1
1607;17;19;18;land;false;plains;1
1608;118;137;167;land;false;forest;1
1609;17;46;23;land;false;hills;1
1610;118;158;254;sea;false;ocean;1
1611;119;96;211;sea;false;ocean;1
1612;119;104;233;sea;false;ocean;1
1613;119;115;248;land;false;rural;1
1614;119;115;253;sea;false;ocean;1
1615;8;69;216;land;false;hills;1
1616;120;104;47;land;false;mountain;1
1617;120;110;184;land;false;plains;1
1618;120;117;140;land;false;forest;1
1619;120;155;243;sea;false;ocean;1
1620;120;181;34;land;false;plains;1
1621;121;86;236;sea;false;ocean;1
1622;121;100;252;sea;false;ocean;1
1623;121;101;209;sea;false;ocean;1
1624;121;241;31;land;false;plains;1
1625;122;48;207;land;false;plains;1
1626;122;91;208;land;false;plains;1
1627;122;107;190;land;false;rural;1
1628;122;109;202;land;false;plains;1
1629;122;115;137;land;false;rural;1
1630;122;119;137;land;false;plains;1
1631;122;140;161;land;false;hills;1
1632;122;152;169;land;false;plains;1
1633;12;110;138;land;false;forest;1
1634;12;167;142;land;false;plains;1
1635;123;118;141;land;false;forest;1
1636;123;121;144;land;true;plains;1
1637;123;121;150;land;false;plains;1
1638;123;224;79;land;false;plains;1
1639;124;107;221;land;false;plains;1
1640;8;90;130;land;false;plains;1
1641;124;187;188;land;false;plains;1
1642;125;58;209;land;false;hills;1
1643;125;99;225;sea;false;ocean;1
1644;125;106;235;sea;false;ocean;1
1645;126;62;142;land;false;rural;1
1646;126;90;226;sea;false;ocean;1
1647;126;123;254;sea;false;ocean;1
1648;126;152;183;land;false;plains;1
1649;13;18;22;land;false;plains;1
1650;127;34;155;land;false;plains;1
1651;127;35;151;land;false;rural;1
1652;127;37;68;land;true;plains;1
1653;127;106;232;sea;false;ocean;1
1654;127;111;231;sea;false;ocean;1
1655;127;148;196;land;false;hills;1
1656;127;156;69;land;false;plains;1
1657;127;174;207;land;false;plains;1
1658;8;93;223;land;false;plains;1
1659;128;61;30;land;false;plains;1
1660;128;120;144;land;false;plains;1
1661;128;122;250;sea;false;ocean;1
1662;128;124;144;land;false;plains;1
1663;128;157;182;land;false;hills;1
1664;13;48;114;land;false;mountain;1
1665;129;80;70;land;false;plains;1
1666;129;120;249;sea;false;ocean;1
1667;129;124;147;land;false;plains;1
1668;129;166;49;land;false;forest;1
1669;129;233;234;land;false;plains;1
1670;130;61;125;land;false;plains;1
1671;130;120;245;sea;false;ocean;1
1672;130;130;240;land;false;plains;1
1673;130;145;175;land;false;plains;1
1674;17;84;46;land;false;hills;1
1675;131;87;248;sea;false;ocean;1
1676;131;90;123;land;false;plains;1
1677;131;104;241;sea;false;ocean;1
1678;131;109;241;sea;false;ocean;1
1679;131;168;70;land;false;plains;1
1680;132;126;146;land;false;plains;1
1681;132;131;150;land;false;urban;1
1682;132;159;194;land;false;forest;1
1683;133;125;62;land;false;plains;1
1684;133;129;155;land;false;plains;1
1685;133;149;173;land;false;plains;1
1686;133;155;174;land;false;hills;1
1687;17;109;80;land;true;plains;1
1688;134;103;214;sea;false;ocean;1
1689;134;103;215;land;false;plains;1
1690;134;168;200;land;false;hills;1
1691;135;68;111;land;true;plains;1
1692;135;88;41;land;true;hills;1
1693;13;73;128;land;false;plains;1
1694;135;162;209;land;false;forest;1
1695;136;50;171;land;false;plains;1
1696;136;108;221;sea;false;ocean;1
1697;136;131;159;land;false;plains;1
1698;136;166;184;land;false;forest;1
1699;136;168;196;land;false;hills;1
1700;136;187;43;land;false;plains;1
1701;137;115;255;sea;false;ocean;1
1702;137;169;197;land;false;rural;1
1703;137;177;78;land;false;urban;1
1704;138;92;199;land;false;forest;1
1705;138;98;45;land;false;plains;1
1706;138;120;244;sea;false;ocean;1
1707;138;132;161;land;false;plains;1
1708;138;165;184;land;false;rural;1
1709;13;98;131;land;false;plains;1
1710;139;133;155;land;false;plains;1
1711;139;158;192;land;false;forest;1
1712;13;120;158;land;false;forest;1
1713;140;51;108;land;true;plains;1
1714;140;105;252;sea;false;ocean;1
1715;140;138;161;land;false;rural;1
1716;140;188;225;land;false;plains;1
1717;141;62;159;land;false;plains;1
1718;141;105;229;sea;false;ocean;1
1719;141;120;231;land;false;rural;1
1720;141;135;159;land;false;plains;1
1721;141;176;67;land;false;plains;1
1722;13;129;92;land;false;plains;1
1723;141;218;105;land;false;plains;1
1724;142;117;38;land;false;plains;1
1725;142;138;161;land;false;plains;1
1726;142;140;160;land;false;plains;1
1727;143;215;50;land;true;plains;1
1728;144;31;185;land;false;plains;1
1729;13;143;204;land;false;plains;1
1730;145;51;164;land;false;plains;1
1731;145;172;61;land;false;plains;1
1732;145;174;71;land;false;forest;1
1733;8;188;124;land;false;urban;1
1734;146;57;179;land;false;urban;1
1735;146;143;128;land;false;plains;1
1736;146;180;227;land;false;plains;1
1737;147;112;12;land;false;plains;1
1738;147;180;204;land;false;forest;1
1739;148;26;183;land;false;plains;1
1740;148;50;173;land;false;hills;1
1741;148;110;243;sea;false;ocean;1
1742;148;139;168;land;false;plains;1
1743;148;139;170;land;false;plains;1
1744;148;143;170;land;false;plains;1
1745;148;147;174;land;false;rural;1
1746;149;180;126;land;false;plains;1
1747;149;188;79;land;false;plains;1
1748;150;52;29;land;true;plains;1
1749;14;27;24;land;false;plains;1
1750;151;115;238;sea;false;ocean;1
1751;151;144;177;land;false;plains;1
1752;151;148;172;land;false;forest;1
1753;152;52;74;land;false;rural;1
1754;152;150;171;land;false;forest;1
1755;152;180;203;land;false;forest;1
1756;152;192;231;land;false;hills;1
1757;153;167;202;land;false;forest;1
1758;154;34;201;land;false;plains;1
1759;154;37;169;land;false;plains;1
1760;155;145;174;land;false;plains;1
1761;14;97;124;land;false;plains;1
1762;155;189;201;land;true;plains;1
1763;156;50;209;land;false;rural;1
1764;9;6;125;land;false;hills;1
1765;156;121;150;land;true;plains;1
1766;156;193;228;land;false;plains;1
1767;9;11;114;land;false;plains;1
1768;157;191;223;land;true;hills;1
1769;10;24;30;land;false;plains;1
1770;158;72;132;land;false;plains;1
1771;158;209;249;land;false;rural;1
1772;159;153;183;land;false;plains;1
1773;159;189;85;land;false;plains;1
1774;159;193;167;land;false;plains;1
1775;159;222;233;land;true;hills;1
1776;160;151;144;land;false;mountain;1
1777;160;214;34;land;false;rural;1
1778;161;134;101;land;true;plains;1
1779;161;158;185;land;false;plains;1
1780;161;204;72;land;false;rural;1
1781;162;131;252;land;false;hills;1
1782;253;119;91;land;true;rural;1
1783;18;44;40;land;false;rural;1
1784;163;92;146;land;false;forest;1
1785;163;151;241;land;false;forest;1
1786;163;154;183;land;false;plains;1
1787;163;160;196;land;false;plains;1
1788;163;204;236;land;false;forest;1
1789;164;42;184;land;false;plains;1
1790;10;72;162;land;true;hills;1
1791;164;187;218;land;false;urban;1
1792;10;80;194;land;true;mountain;1
1793;165;199;226;land;false;forest;1
1794;166;56;204;land;false;urban;1
1795;166;132;110;land;false;plains;1
1796;166;141;49;land;false;urban;1
1797;166;162;184;land;false;plains;1
1798;167;161;153;land;false;plains;1
1799;167;162;195;land;false;plains;1
1800;168;105;108;land;true;mountain;1
1801;168;139;255;land;false;plains;1
1802;168;141;97;land;false;forest;1
1803;168;167;196;land;true;marsh;1
1804;168;196;250;land;false;hills;1
1805;169;74;221;land;false;plains;1
1806;169;167;191;land;false;plains;1
1807;10;81;203;land;false;forest;1
1808;170;161;191;land;false;plains;1
1809;171;164;192;land;false;rural;1
1810;171;168;192;land;false;plains;1
1811;171;217;38;land;false;forest;1
1812;173;223;72;land;false;rural;1
1813;175;173;204;land;false;forest;1
1814;176;212;87;land;false;plains;1
1815;177;90;205;land;false;rural;1
1816;15;17;21;land;false;hills;1
1817;177;169;199;land;false;plains;1
1818;178;62;189;land;false;hills;1
1819;178;216;94;land;true;plains;1
1820;179;163;152;land;false;plains;1
1821;179;172;113;land;false;plains;1
1822;181;82;189;land;false;plains;1
1823;181;176;204;land;false;urban;1
1824;182;171;204;land;false;rural;1
1825;183;38;151;land;false;plains;1
1826;183;179;142;land;false;forest;1
1827;184;58;65;land;false;plains;1
1828;10;82;227;land;false;forest;1
1829;184;138;97;land;true;mountain;1
1830;185;124;154;land;true;hills;1
1831;186;80;106;land;false;plains;1
1832;186;108;159;land;false;plains;1
1833;186;177;137;land;true;plains;1
1834;186;226;141;land;false;plains;1
1835;187;107;71;land;true;mountain;1
1836;187;219;83;land;false;plains;1
1837;188;49;70;land;false;forest;1
1838;188;145;116;land;true;plains;1
1839;188;187;155;land;false;forest;1
1840;189;30;215;land;false;plains;1
1841;189;71;222;land;false;marsh;1
1842;190;83;200;land;false;plains;1
1843;191;189;161;land;false;forest;1
1844;191;194;151;land;false;forest;1
1845;192;60;178;land;false;plains;1
1846;192;70;213;land;false;plains;1
1847;192;101;174;land;false;rural;1
1848;194;116;142;land;false;plains;1
1849;196;227;99;land;false;forest;1
1850;199;90;184;land;true;plains;1
1851;199;154;75;land;false;plains;1
1852;200;94;179;land;false;plains;1
1853;200;103;176;land;false;hills;1
1854;201;52;91;land;false;forest;1
1855;201;106;60;land;true;plains;1
1856;202;80;64;land;true;hills;1
1857;10;85;146;land;false;forest;1
1858;202;161;52;land;false;plains;1
1859;203;185;160;land;false;plains;1
1860;205;107;31;land;false;plains;1
1861;205;157;208;land;false;plains;1
1862;205;200;159;land;false;forest;1
1863;206;79;86;land;false;forest;1
1864;206;174;80;land;false;plains;1
1865;207;202;166;land;false;forest;1
1866;209;61;68;land;false;rural;1
1867;210;94;203;land;false;plains;1
1868;210;178;60;land;false;plains;1
1869;211;191;51;land;false;hills;1
1870;212;197;190;land;true;mountain;1
1871;213;214;171;land;false;rural;1
1872;214;34;63;land;false;rural;1
1873;214;69;105;land;false;marsh;1
1874;10;195;130;land;false;forest;1
1875;216;61;106;land;false;plains;1
1876;216;114;235;land;false;mountain;1
1877;218;141;117;land;false;plains;1
1878;218;222;178;land;false;rural;1
1879;219;221;28;land;false;urban;1
1880;222;47;124;land;true;plains;1
1881;222;116;203;land;false;plains;1
1882;224;96;205;land;false;urban;1
1883;11;15;118;land;false;plains;1
1884;225;210;111;land;true;plains;1
1885;227;228;73;land;false;plains;1
1886;11;22;27;land;false;forest;1
1887;231;222;52;land;false;rural;1
1888;233;104;203;land;false;rural;1
1889;235;119;208;land;false;rural;1
1890;236;226;182;land;false;forest;1
1891;239;98;204;land;false;plains;1
1892;244;89;212;land;true;mountain;1
1893;245;54;84;land;false;marsh;1
1894;245;68;89;land;true;hills;1
1895;251;50;53;land;false;plains;1
1896;252;80;211;land;false;plains;1
1897;252;124;244;land;false;forest;1
1898;254;36;31;land;false;urban;1
1899;254;62;96;land;false;plains;1
1900;18;75;66;land;false;plains;1
1901;19;21;20;land;false;forest;1
1902;18;90;48;land;false;plains;1
1903;19;150;47;land;false;plains;1
1904;20;23;108;land;false;plains;1
1905;20;61;27;land;false;plains;1
1906;21;71;63;land;false;plains;1
1907;21;181;63;land;false;plains;1
1908;22;53;31;land;false;forest;1
1909;22;58;35;land;false;urban;1
1910;22;93;58;land;false;plains;1
1911;23;23;23;land;false;marsh;1
1912;23;26;24;land;false;forest;1
1913;24;26;25;land;false;hills;1
1914;24;68;39;land;false;plains;1
1915;24;100;81;land;false;urban;1
1916;24;127;60;land;false;hills;1
1917;25;27;27;land;false;plains;1
1918;26;49;32;land;false;rural;1
1919;26;65;31;land;false;hills;1
1920;26;73;39;land;false;plains;1
1921;26;82;42;land;false;hills;1
1922;26;97;33;land;false;hills;1
1923;26;231;57;land;false;plains;1
1924;28;30;30;land;false;hills;1
1925;29;107;54;land;false;urban;1
1926;30;77;41;land;false;urban;1
1927;30;86;57;land;false;urban;1
1928;30;90;51;land;false;forest;1
1929;30;101;94;land;false;hills;1
1930;30;195;67;land;false;hills;1
1931;31;44;95;land;false;plains;1
1932;31;56;163;land;true;marsh;1
1933;31;77;65;land;false;plains;1
1934;31;81;44;land;false;forest;1
1935;31;84;50;land;false;hills;1
1936;31;177;75;land;false;rural;1
1937;31;223;56;land;false;marsh;1
1938;32;32;32;land;false;hills;1
1939;32;92;38;land;false;plains;1
1940;32;105;49;land;false;urban;1
1941;32;166;115;land;false;forest;1
1942;33;32;89;land;false;rural;1
1943;33;65;40;land;false;plains;1
1944;33;70;38;land;false;hills;1
1945;33;78;44;land;false;forest;1
1946;33;83;50;land;false;urban;1
1947;33;162;69;land;false;forest;1
1948;34;36;94;land;true;plains;1
1949;34;38;113;land;false;marsh;1
1950;34;40;158;land;false;plains;1
1951;34;142;93;land;false;urban;1
1952;34;158;50;land;false;plains;1
1953;35;60;40;land;false;plains;1
1954;35;103;45;land;false;forest;1
1955;35;151;90;land;false;plains;1
1956;36;36;36;land;false;rural;1
1957;36;111;100;land;false;plains;1
1958;36;195;76;land;false;rural;1
1959;36;39;38;land;false;plains;1
1960;37;111;61;land;false;plains;1
1961;37;119;97;land;false;urban;1
1962;37;125;49;land;false;rural;1
1963;37;134;103;land;false;rural;1
1964;37;148;58;land;false;plains;1
1965;37;163;75;land;false;hills;1
1966;37;207;85;land;false;plains;1
1967;38;70;50;land;false;forest;1
1968;38;92;77;land;false;plains;1
1969;38;96;49;land;false;forest;1
1970;38;121;64;land;false;rural;1
1971;38;240;56;land;false;forest;1
1972;39;33;115;land;false;plains;1
1973;39;50;183;land;false;marsh;1
1974;39;113;63;land;false;mountain;1
1975;39;182;84;land;false;plains;1
1976;39;191;111;land;false;hills;1
1977;40;46;43;land;false;hills;1
1978;40;51;204;land;false;plains;1
1979;40;73;51;land;false;plains;1
1980;40;78;183;land;false;hills;1
1981;40;80;45;land;false;plains;1
1982;40;106;60;land;false;plains;1
1983;40;148;54;land;true;plains;1
1984;41;45;44;land;false;plains;1
1985;41;55;122;land;true;rural;1
1986;41;82;47;land;false;rural;1
1987;41;103;48;land;false;hills;1
1988;41;131;58;land;false;forest;1
1989;42;46;44;land;false;hills;1
1990;42;59;127;land;false;plains;1
1991;42;76;16;land;false;plains;1
1992;42;77;58;land;false;rural;1
1993;42;173;114;land;false;plains;1
1994;42;203;121;land;false;hills;1
1995;43;42;95;land;false;plains;1
1996;43;51;105;land;true;marsh;1
1997;43;98;92;land;false;forest;1
1998;43;102;65;land;false;plains;1
1999;43;119;77;land;false;rural;1
2000;43;166;77;land;false;rural;1
2001;44;110;59;land;false;rural;1
2002;44;123;80;land;false;urban;1
2003;44;216;68;land;false;urban;1
2004;45;49;47;land;false;mountain;1
2005;45;72;234;land;false;plains;1
2006;45;116;69;land;false;forest;1
2007;45;142;73;land;true;rural;1
2008;45;144;65;land;false;plains;1
2009;45;158;71;land;false;mountain;1
2010;45;163;59;land;false;forest;1
2011;45;169;80;land;false;forest;1
2012;46;51;117;land;false;plains;1
2013;46;89;50;land;false;hills;1
2014;46;105;87;land;true;urban;1
2015;46;122;86;land;false;plains;1
2016;47;76;20;land;false;hills;1
2017;47;158;77;land;false;plains;1
2018;47;171;110;land;false;hills;1
2019;47;212;58;land;false;urban;1
2020;48;114;108;land;false;plains;1
2021;48;119;114;land;false;plains;1
2022;48;140;57;land;false;hills;1
2023;48;156;67;land;false;hills;1
2024;48;221;101;land;false;rural;1
2025;49;90;15;land;false;hills;1
2026;49;102;55;land;false;hills;1
2027;49;238;151;land;false;plains;1
2028;50;56;54;land;false;plains;1
2029;50;98;73;land;false;rural;1
2030;50;102;65;land;false;plains;1
2031;50;124;85;land;false;forest;1
2032;50;213;122;land;false;hills;1
2033;51;64;117;land;false;plains;1
2034;51;132;105;land;false;hills;1
2035;51;146;86;land;false;mountain;1
2036;51;187;146;land;false;rural;1
2037;52;58;55;land;false;plains;1
2038;52;148;62;land;false;marsh;1
2039;52;213;157;land;false;plains;1
2040;53;67;232;land;false;hills;1
2041;53;75;153;land;false;urban;1
2042;54;58;57;land;false;forest;1
2043;54;71;204;land;false;hills;1
2044;54;80;243;land;false;plains;1
2045;54;170;77;land;false;plains;1
2046;55;150;82;land;false;rural;1
2047;55;166;90;land;false;urban;1
2048;55;186;73;land;true;plains;1
2049;56;254;67;land;false;marsh;1
2050;57;62;61;land;false;plains;1
2051;57;77;185;land;false;hills;1
2052;57;78;28;land;false;hills;1
2053;58;110;75;land;false;mountain;1
2054;60;67;65;land;false;plains;1
2055;60;108;25;land;false;hills;1
2056;60;124;89;land;false;hills;1
2057;61;55;144;land;false;rural;1
2058;63;121;69;land;false;forest;1
2059;63;134;94;land;false;forest;1
2060;64;237;92;land;false;forest;1
2061;65;64;139;land;false;marsh;1
2062;65;83;140;land;false;hills;1
2063;65;88;35;land;false;urban;1
2064;65;144;98;land;false;plains;1
2065;65;178;73;land;true;plains;1
2066;67;76;74;land;false;rural;1
2067;68;75;71;land;false;plains;1
2068;68;130;96;land;false;hills;1
2069;68;131;23;land;false;plains;1
2070;69;52;82;land;false;forest;1
2071;70;85;80;land;false;plains;1
2072;70;86;39;land;false;hills;1
2073;70;111;93;land;false;plains;1
2074;70;188;92;land;false;rural;1
2075;70;241;74;land;false;hills;1
2076;71;86;84;land;false;mountain;1
2077;71;138;25;land;false;hills;1
2078;72;118;86;land;false;hills;1
2079;73;102;37;land;false;plains;1
2080;73;121;127;land;false;forest;1
2081;74;111;108;land;false;hills;1
2082;76;146;93;land;false;hills;1
2083;76;156;108;land;false;plains;1
2084;77;63;83;land;false;plains;1
2085;77;127;83;land;false;forest;1
2086;78;105;84;land;false;forest;1
2087;78;117;106;land;false;forest;1
2088;78;122;83;land;false;hills;1
2089;78;164;98;land;false;rural;1
2090;79;117;88;land;false;forest;1
2091;79;130;79;land;false;forest;1
2092;80;86;124;land;false;hills;1
2093;80;95;91;land;false;hills;1
2094;80;112;87;land;false;hills;1
2095;80;208;86;land;true;plains;1
2096;81;105;95;land;false;plains;1
2097;81;125;122;land;false;forest;1
2098;81;146;151;land;false;forest;1
2099;81;199;102;land;false;plains;1
2100;82;92;118;land;false;forest;1
2101;82;107;97;land;false;hills;1
2102;82;187;152;land;false;urban;1
2103;83;60;95;land;false;plains;1
2104;83;92;175;land;false;plains;1
2105;83;173;107;land;false;plains;1
2106;84;144;125;land;false;hills;1
2107;85;122;123;land;false;rural;1
2108;85;191;116;land;false;plains;1
2109;86;117;30;land;false;rural;1
2110;86;127;114;land;false;hills;1
2111;86;128;133;land;false;hills;1
2112;87;97;198;land;false;plains;1
2113;87;109;100;land;false;hills;1
2114;87;110;227;land;false;hills;1
2115;87;113;104;land;false;plains;1
2116;87;165;158;land;false;hills;1
2117;87;170;29;land;false;urban;1
2118;89;111;102;land;false;hills;1
2119;89;134;101;land;false;forest;1
2120;90;211;163;land;false;plains;1
2121;91;76;107;land;false;forest;1
2122;92;69;108;land;false;rural;1
2123;92;103;133;land;false;hills;1
2124;92;111;107;land;false;plains;1
2125;92;128;119;land;false;plains;1
2126;92;202;141;land;false;forest;1
2127;94;163;46;land;false;rural;1
2128;95;97;124;land;false;plains;1
2129;95;105;126;land;false;plains;1
2130;96;157;101;land;false;hills;1
2131;96;163;162;land;false;forest;1
2132;97;83;117;land;false;rural;1
2133;97;126;117;land;false;hills;1
2134;98;126;121;land;false;hills;1
2135;98;204;165;land;false;plains;1
2136;99;211;201;land;false;urban;1
2137;99;217;185;land;false;hills;1
2138;100;103;130;land;false;rural;1
2139;100;119;116;land;false;hills;1
2140;100;128;120;land;false;hills;1
2141;100;159;116;land;false;hills;1
2142;101;84;119;land;false;forest;1
2143;101;132;48;land;false;plains;1
2144;102;116;143;land;false;urban;1
2145;102;129;119;land;false;hills;1
2146;103;142;114;land;false;hills;1
2147;103;189;182;land;false;plains;1
2148;104;136;123;land;false;urban;1
2149;104;207;196;land;false;plains;1
2150;105;128;121;land;false;hills;1
2151;105;148;53;land;false;plains;1
2152;105;195;169;land;false;urban;1
2153;105;208;181;land;false;plains;1
2154;107;86;118;land;false;forest;1
2155;107;135;125;land;false;hills;1
2156;107;147;109;land;false;rural;1
2157;107;150;16;land;false;hills;1
2158;107;152;149;land;false;plains;1
2159;108;82;122;land;false;plains;1
2160;109;133;130;land;false;plains;1
2161;109;142;131;land;false;plains;1
2162;110;137;130;land;false;rural;1
2163;110;140;137;land;false;plains;1
2164;111;138;150;land;true;hills;1
2165;111;160;150;land;false;plains;1
2166;112;174;125;land;false;urban;1
2167;112;239;123;land;true;urban;1
2168;113;151;56;land;false;forest;1
2169;114;133;152;land;true;plains;1
2170;115;167;173;land;false;plains;1
2171;115;179;54;land;false;hills;1
2172;115;181;23;land;false;plains;1
2173;116;171;130;land;false;plains;1
2174;117;164;151;land;false;urban;1
2175;117;177;56;land;false;plains;1
2176;118;151;142;land;false;plains;1
2177;119;150;140;land;false;hills;1
2178;119;164;159;land;false;plains;1
2179;120;167;165;land;false;forest;1
2180;120;218;192;land;false;forest;1
2181;121;196;206;land;false;plains;1
2182;124;138;152;land;true;hills;1
2183;124;170;176;land;false;hills;1
2184;125;175;160;land;false;hills;1
2185;126;148;163;land;false;plains;1
2186;126;158;153;land;false;plains;1
2187;126;177;175;land;false;hills;1
2188;126;179;134;land;false;plains;1
2189;204;229;120;land;false;hills;1
2190;127;180;135;land;false;forest;1
2191;128;139;173;land;false;plains;1
2192;128;191;185;land;false;hills;1
2193;129;177;138;land;false;rural;1
2194;129;189;180;land;false;hills;1
2195;129;200;201;land;false;forest;1
2196;130;107;157;land;false;forest;1
2197;130;154;149;land;false;forest;1
2198;130;196;186;land;false;rural;1
2199;131;151;162;land;false;urban;1
2200;132;146;160;land;false;plains;1
2201;133;178;137;land;false;plains;1
2202;135;150;166;land;true;rural;1
2203;135;162;178;land;true;forest;1
2204;136;207;204;land;false;plains;1
2205;138;170;182;land;true;plains;1
2206;139;165;174;land;false;forest;1
2207;143;181;177;land;false;plains;1
2208;144;186;177;land;false;rural;1
2209;145;180;109;land;false;plains;1
2210;146;165;83;land;false;rural;1
2211;146;170;179;land;true;hills;1
2212;147;224;198;land;false;forest;1
2213;149;167;105;land;false;forest;1
2214;149;175;83;land;false;hills;1
2215;151;180;209;land;false;hills;1
2216;155;67;40;land;true;plains;1
2217;153;170;186;land;false;mountain;1
2218;159;193;205;land;false;forest;1
2219;159;195;224;land;false;mountain;1
2220;161;194;216;land;false;forest;1
2221;164;195;119;land;false;urban;1
2222;165;195;111;land;false;mountain;1
2223;165;195;115;land;false;hills;1
2224;171;198;109;land;false;hills;1
2225;172;201;115;land;false;forest;1
2226;176;232;116;land;false;plains;1
2227;177;198;216;land;false;plains;1
2228;177;202;98;land;false;plains;1
2229;179;206;220;land;true;forest;1
2230;184;219;122;land;false;rural;1
2231;186;215;122;land;false;plains;1
2232;215;53;2;land;true;plains;1
2233;200;239;119;land;false;plains;1
2234;11;71;88;land;false;plains;1
2235;11;90;160;land;true;rural;1
2236;11;221;137;land;false;hills;1
2237;12;1;160;land;false;forest;1
2238;12;9;83;land;false;plains;1
2239;12;18;85;land;false;plains;1
2240;12;35;52;land;false;rural;1
2241;12;50;62;land;false;plains;1
2242;12;66;156;land;false;plains;1
2243;12;67;175;land;false;rural;1
2244;13;34;42;land;false;hills;1
2245;13;70;84;land;true;urban;1
2246;14;9;45;land;false;mountain;1
2247;14;9;55;land;false;hills;1
2248;14;15;104;land;false;plains;1
2249;14;17;96;land;false;plains;1
2250;14;36;40;land;true;plains;1
2251;14;39;118;land;false;mountain;1
2252;14;55;207;land;false;mountain;1
2253;14;59;67;land;true;urban;1
2254;15;15;45;land;false;hills;1
2255;15;101;138;land;false;plains;1
2256;15;124;227;land;false;forest;1
2257;16;7;61;land;true;marsh;1
2258;16;19;102;land;false;plains;1
2259;16;59;124;land;true;rural;1
2260;17;13;58;land;false;hills;1
2261;17;17;76;land;false;plains;1
2262;17;98;123;land;false;hills;1
2263;17;101;152;land;false;forest;1
2264;18;8;129;land;false;rural;1
2265;18;18;52;land;false;urban;1
2266;18;20;55;land;false;forest;1
2267;18;95;119;land;true;forest;1
2268;18;124;206;land;true;urban;1
2269;19;8;119;land;false;plains;1
2270;19;11;57;land;false;mountain;1
2271;19;94;163;land;true;plains;1
2272;20;12;48;land;true;mountain;1
2273;20;15;58;land;false;hills;1
2274;20;66;91;land;false;hills;1
2275;20;100;236;land;true;forest;1
2276;21;45;54;land;false;plains;1
2277;21;91;111;land;false;hills;1
2278;21;91;182;land;false;plains;1
2279;21;113;147;land;false;hills;1
2280;22;9;56;land;true;mountain;1
2281;22;10;96;land;true;hills;1
2282;22;22;96;land;false;forest;1
2283;22;71;97;land;false;plains;1
2284;22;94;115;land;false;hills;1
2285;22;101;187;land;false;hills;1
2286;23;15;43;land;true;mountain;1
2287;23;15;147;land;false;plains;1
2288;23;17;102;land;false;hills;1
2289;23;30;97;land;false;plains;1
2290;23;44;128;land;false;rural;1
2291;23;94;244;land;false;plains;1
2292;23;107;231;land;false;plains;1
2293;23;115;144;land;true;mountain;1
2294;24;50;62;land;false;hills;1
2295;25;57;123;land;false;plains;1
2296;25;100;124;land;false;hills;1
2297;25;106;241;land;false;forest;1
2298;25;225;151;land;false;hills;1
2299;26;2;169;land;false;hills;1
2300;26;60;113;land;false;hills;1
2301;26;62;73;land;false;plains;1
2302;26;76;90;land;true;rural;1
2303;27;1;137;land;false;hills;1
2304;27;14;87;land;true;marsh;1
2305;27;40;9;land;false;plains;1
2306;27;78;131;land;false;forest;1
2307;27;218;148;land;false;hills;1
2308;28;35;110;land;false;plains;1
2309;28;227;117;land;false;plains;1
2310;29;18;106;land;false;hills;1
2311;29;21;74;land;false;plains;1
2312;29;75;92;land;true;plains;1
2313;29;84;199;land;true;forest;1
2314;29;88;123;land;false;plains;1
2315;30;22;61;land;false;hills;1
2316;30;27;79;land;false;plains;1
2317;30;34;200;land;false;plains;1
2318;30;37;119;land;false;plains;1
2319;30;37;195;land;false;hills;1
2320;30;69;77;land;false;forest;1
2321;30;116;144;land;false;forest;1
2322;30;231;152;land;false;hills;1
2323;31;19;121;land;false;plains;1
2324;31;128;211;land;false;urban;1
2325;32;35;128;land;false;plains;1
2326;32;48;22;land;false;plains;1
2327;32;108;147;land;false;plains;1
2328;33;16;155;land;false;forest;1
2329;33;29;122;land;false;hills;1
2330;33;77;85;land;true;hills;1
2331;34;77;145;land;false;forest;1
2332;34;122;162;land;false;rural;1
2333;35;23;65;land;true;mountain;1
2334;35;48;22;land;false;plains;1
2335;35;135;191;land;false;hills;1
2336;35;200;127;land;false;plains;1
2337;36;7;153;land;false;plains;1
2338;36;10;184;land;false;forest;1
2339;36;32;150;land;true;rural;1
2340;36;43;144;land;false;hills;1
2341;36;77;162;land;false;hills;1
2342;37;29;105;land;false;hills;1
2343;37;42;115;land;false;plains;1
2344;37;72;85;land;false;hills;1
2345;37;91;113;land;false;plains;1
2346;37;132;246;land;false;rural;1
2347;38;0;73;land;false;mountain;1
2348;38;24;147;land;false;plains;1
2349;38;50;22;land;false;plains;1
2350;38;65;84;land;true;rural;1
2351;38;128;227;land;false;plains;1
2352;39;140;95;land;false;hills;1
2353;39;142;115;land;false;hills;1
2354;39;203;114;land;false;hills;1
2355;40;17;140;land;false;urban;1
2356;40;45;106;land;true;plains;1
2357;40;138;111;land;false;hills;1
2358;40;143;178;land;false;plains;1
2359;41;9;104;land;false;mountain;1
2360;41;31;128;land;false;hills;1
2361;41;76;16;land;false;rural;1
2362;41;91;193;land;false;plains;1
2363;42;83;177;land;false;plains;1
2364;42;93;176;land;false;forest;1
2365;42;109;123;land;true;plains;1
2366;42;112;144;land;false;hills;1
2367;42;140;185;land;false;plains;1
2368;43;37;148;land;false;plains;1
2369;43;92;223;land;false;hills;1
2370;43;139;160;land;false;plains;1
2371;43;158;252;land;true;forest;1
2372;43;172;137;land;false;plains;1
2373;44;77;130;land;false;hills;1
2374;44;139;86;land;false;hills;1
2375;45;74;160;land;false;mountain;1
2376;45;78;128;land;false;mountain;1
2377;46;21;76;land;false;plains;1
2378;46;40;120;land;false;hills;1
2379;47;30;160;land;false;mountain;1
2380;47;63;152;land;false;hills;1
2381;47;82;146;land;false;urban;1
2382;47;85;41;land;true;hills;1
2383;47;91;157;land;true;rural;1
2384;47;101;230;land;false;plains;1
2385;48;37;61;land;true;mountain;1
2386;48;38;56;land;false;plains;1
2387;48;95;209;land;false;forest;1
2388;48;102;116;land;false;hills;1
2389;49;43;187;land;false;plains;1
2390;49;81;178;land;false;hills;1
2391;50;35;63;land;true;mountain;1
2392;50;35;128;land;false;plains;1
2393;50;36;57;land;false;rural;1
2394;50;38;61;land;false;plains;1
2395;50;50;178;land;false;hills;1
2396;50;116;125;land;false;hills;1
2397;51;21;122;land;true;hills;1
2398;51;34;118;land;false;rural;1
2399;51;63;120;land;false;urban;1
2400;51;70;127;land;false;mountain;1
2401;51;88;172;land;true;plains;1
2402;52;20;125;land;true;hills;1
2403;52;37;59;land;false;hills;1
2404;52;71;35;land;true;marsh;1
2405;52;73;142;land;false;forest;1
2406;52;80;149;land;false;hills;1
2407;52;90;176;land;true;hills;1
2408;53;41;149;land;false;plains;1
2409;53;42;63;land;false;plains;1
2410;53;43;66;land;false;mountain;1
2411;53;64;172;land;false;rural;1
2412;54;35;65;land;false;plains;1
2413;54;94;186;land;false;forest;1
2414;54;159;192;land;false;hills;1
2415;55;41;110;land;false;plains;1
2416;55;164;185;land;false;forest;1
2417;55;237;185;land;false;rural;1
2418;56;25;93;land;false;hills;1
2419;56;39;109;land;false;urban;1
2420;56;69;141;land;false;urban;1
2421;57;82;129;land;true;forest;1
2422;58;35;89;land;false;hills;1
2423;58;40;79;land;false;plains;1
2424;58;43;69;land;true;mountain;1
2425;58;43;110;land;true;hills;1
2426;58;93;192;land;true;rural;1
2427;58;100;39;land;false;plains;1
2428;58;118;131;land;true;plains;1
2429;58;142;180;land;false;hills;1
2430;58;187;195;land;false;plains;1
2431;59;20;130;land;false;plains;1
2432;59;32;106;land;false;hills;1
2433;59;79;31;land;true;rural;1
2434;60;40;150;land;false;forest;1
2435;60;45;140;land;false;plains;1
2436;60;85;155;land;false;plains;1
2437;60;102;152;land;false;plains;1
2438;60;109;155;land;false;plains;1
2439;60;119;131;land;true;marsh;1
2440;60;130;191;land;true;marsh;1
2441;60;141;113;land;false;plains;1
2442;60;176;129;land;false;plains;1
2443;61;40;75;land;false;hills;1
2444;61;40;76;land;false;plains;1
2445;61;72;204;land;false;plains;1
2446;61;107;220;land;false;urban;1
2447;61;151;250;land;false;plains;1
2448;61;153;35;land;false;plains;1
2449;61;153;246;land;false;forest;1
2450;62;11;126;land;false;plains;1
2451;62;29;118;land;false;plains;1
2452;62;98;138;land;false;hills;1
2453;62;141;204;land;false;forest;1
2454;63;92;184;land;false;forest;1
2455;63;108;169;land;false;rural;1
2456;63;120;174;land;false;plains;1
2457;64;49;204;land;false;hills;1
2458;65;38;88;land;true;hills;1
2459;65;44;199;land;false;plains;1
2460;65;103;156;land;true;rural;1
2461;65;137;169;land;false;urban;1
2462;65;179;236;land;false;mountain;1
2463;66;14;145;land;false;plains;1
2464;66;45;147;land;false;hills;1
2465;66;46;89;land;false;mountain;1
2466;66;181;130;land;false;hills;1
2467;67;69;100;land;false;rural;1
2468;67;105;38;land;false;plains;1
2469;67;207;139;land;false;hills;1
2470;68;17;130;land;false;plains;1
2471;68;46;124;land;true;mountain;1
2472;68;80;162;land;false;plains;1
2473;69;48;152;land;false;hills;1
2474;69;56;111;land;true;urban;1
2475;69;66;98;land;false;mountain;1
2476;69;70;117;land;false;forest;1
2477;69;136;159;land;false;plains;1
2478;70;36;105;land;false;plains;1
2479;70;73;186;land;false;hills;1
2480;70;104;152;land;true;rural;1
2481;70;120;199;land;false;hills;1
2482;70;133;203;land;false;forest;1
2483;70;186;242;land;true;hills;1
2484;70;189;152;land;false;hills;1
2485;71;23;106;land;false;plains;1
2486;71;35;110;land;true;hills;1
2487;71;45;140;land;false;hills;1
2488;71;123;212;land;false;hills;1
2489;72;12;126;land;false;forest;1
2490;72;18;180;land;false;hills;1
2491;72;39;100;land;false;rural;1
2492;72;43;102;land;false;rural;1
2493;72;52;19;land;false;plains;1
2494;72;57;98;land;false;rural;1
2495;73;14;148;land;false;plains;1
2496;73;70;101;land;false;rural;1
2497;73;106;215;land;false;hills;1
2498;73;147;242;land;false;plains;1
2499;74;69;108;land;false;hills;1
2500;74;91;190;land;false;plains;1
2501;74;160;39;land;false;plains;1
2502;76;33;118;land;false;plains;1
2503;76;49;99;land;false;rural;1
2504;76;62;2;land;false;urban;1
2505;76;121;217;land;true;forest;1
2506;76;163;185;land;true;plains;1
2507;76;212;251;land;true;hills;1
2508;76;220;153;land;false;forest;1
2509;77;74;117;land;false;mountain;1
2510;77;96;178;land;false;hills;1
2511;77;191;54;land;true;rural;1
2512;78;36;150;land;true;rural;1
2513;78;60;92;land;true;mountain;1
2514;78;121;58;land;false;rural;1
2515;79;9;136;land;true;rural;1
2516;79;22;154;land;true;plains;1
2517;79;48;131;land;true;hills;1
2518;79;53;105;land;false;plains;1
2519;79;74;108;land;false;hills;1
2520;79;75;116;land;false;mountain;1
2521;79;78;125;land;false;mountain;1
2522;79;81;131;land;false;mountain;1
2523;80;76;131;land;false;plains;1
2524;80;134;209;land;false;hills;1
2525;81;25;169;land;false;hills;1
2526;81;47;132;land;false;plains;1
2527;81;79;116;land;false;plains;1
2528;81;129;167;land;true;plains;1
2529;81;129;208;land;true;mountain;1
2530;82;39;109;land;false;forest;1
2531;82;62;94;land;false;hills;1
2532;82;226;172;land;false;hills;1
2533;83;20;122;land;false;plains;1
2534;83;62;205;land;false;mountain;1
2535;83;77;127;land;false;forest;1
2536;83;81;206;land;false;forest;1
2537;83;155;190;land;true;mountain;1
2538;84;24;175;land;false;forest;1
2539;84;56;115;land;false;hills;1
2540;84;114;181;land;false;plains;1
2541;85;52;102;land;false;rural;1
2542;85;66;96;land;true;mountain;1
2543;86;61;149;land;false;rural;1
2544;86;66;125;land;true;mountain;1
2545;86;79;206;land;false;hills;1
2546;86;87;199;land;true;hills;1
2547;86;129;177;land;false;forest;1
2548;87;59;117;land;false;mountain;1
2549;88;63;10;land;false;plains;1
2550;88;69;13;land;false;plains;1
2551;88;184;75;land;true;plains;1
2552;88;196;244;land;true;mountain;1
2553;89;21;135;land;false;plains;1
2554;89;67;213;land;false;urban;1
2555;89;72;32;land;false;plains;1
2556;89;232;179;land;false;plains;1
2557;90;29;210;land;false;rural;1
2558;90;61;107;land;false;plains;1
2559;90;213;231;land;false;plains;1
2560;91;71;112;land;true;mountain;1
2561;91;77;164;land;false;plains;1
2562;91;109;194;land;false;hills;1
2563;91;132;185;land;false;plains;1
2564;91;151;207;land;false;forest;1
2565;92;93;158;land;true;marsh;1
2566;92;107;198;land;false;mountain;1
2567;92;124;174;land;false;plains;1
2568;93;27;155;land;false;rural;1
2569;93;86;125;land;false;hills;1
2570;93;87;127;land;false;forest;1
2571;93;103;197;land;false;plains;1
2572;93;118;189;land;false;plains;1
2573;93;196;49;land;false;plains;1
2574;94;88;132;land;true;mountain;1
2575;94;125;185;land;false;plains;1
2576;95;43;125;land;false;plains;1
2577;95;127;62;land;false;rural;1
2578;95;170;82;land;true;marsh;1
2579;96;63;154;land;false;urban;1
2580;96;97;164;land;true;urban;1
2581;96;121;171;land;false;hills;1
2582;96;137;232;land;false;forest;1
2583;97;28;144;land;false;plains;1
2584;97;69;120;land;false;forest;1
2585;97;86;163;land;false;hills;1
2586;97;114;197;land;false;forest;1
2587;97;121;168;land;false;plains;1
2588;97;122;182;land;false;forest;1
2589;97;143;214;land;false;forest;1
2590;98;7;176;land;false;mountain;1
2591;98;54;169;land;false;plains;1
2592;98;62;142;land;false;plains;1
2593;98;65;116;land;false;mountain;1
2594;98;83;14;land;true;forest;1
2595;99;38;159;land;true;mountain;1
2596;99;45;150;land;false;hills;1
2597;99;61;118;land;false;rural;1
2598;99;91;138;land;false;mountain;1
2599;99;218;226;land;true;mountain;1
2600;99;232;249;land;false;urban;1
2601;100;25;174;land;false;hills;1
2602;100;124;176;land;false;marsh;1
2603;101;63;125;land;false;plains;1
2604;101;116;187;land;false;plains;1
2605;101;119;215;land;false;plains;1
2606;101;200;219;land;false;plains;1
2607;102;55;178;land;false;forest;1
2608;103;69;121;land;true;mountain;1
2609;103;70;120;land;false;hills;1
2610;103;100;139;land;false;mountain;1
2611;103;100;151;land;false;urban;1
2612;103;107;164;land;false;plains;1
2613;103;116;181;land;false;plains;1
2614;103;119;191;land;false;hills;1
2615;104;46;170;land;false;rural;1
2616;104;96;138;land;false;hills;1
2617;105;28;177;land;false;hills;1
2618;105;76;183;land;false;plains;1
2619;105;83;123;land;false;rural;1
2620;105;97;136;land;false;forest;1
2621;105;129;177;land;false;hills;1
2622;106;44;151;land;false;rural;1
2623;106;93;167;land;false;hills;1
2624;106;119;212;land;false;plains;1
2625;106;120;222;land;false;hills;1
2626;107;25;184;land;false;plains;1
2627;107;37;163;land;false;plains;1
2628;107;47;158;land;false;hills;1
2629;107;66;17;land;false;plains;1
2630;107;91;160;land;false;plains;1
2631;107;95;167;land;false;mountain;1
2632;107;101;154;land;false;mountain;1
2633;107;131;184;land;false;urban;1
2634;108;35;161;land;false;hills;1
2635;108;44;195;land;false;urban;1
2636;108;69;129;land;false;plains;1
2637;108;74;192;land;false;rural;1
2638;108;169;223;land;false;plains;1
2639;109;91;162;land;true;mountain;1
2640;109;110;173;land;false;forest;1
2641;109;118;206;land;false;hills;1
2642;109;119;186;land;false;hills;1
2643;109;122;213;land;false;plains;1
2644;110;52;206;land;false;plains;1
2645;110;86;132;land;false;plains;1
2646;110;88;129;land;true;mountain;1
2647;110;93;165;land;false;urban;1
2648;111;86;171;land;false;rural;1
2649;111;110;157;land;false;urban;1
2650;111;126;163;land;false;plains;1
2651;111;126;195;land;false;hills;1
2652;111;133;187;land;false;plains;1
2653;112;102;149;land;false;hills;1
2654;112;184;65;land;false;marsh;1
2655;113;120;224;land;false;forest;1
2656;114;121;217;land;true;marsh;1
2657;114;132;169;land;false;rural;1
2658;114;137;200;land;false;hills;1
2659;114;156;213;land;false;plains;1
2660;115;81;184;land;false;plains;1
2661;115;204;219;land;false;plains;1
2662;116;109;157;land;false;mountain;1
2663;116;119;69;land;false;plains;1
2664;116;127;166;land;false;plains;1
2665;116;133;254;land;false;plains;1
2666;116;136;249;land;false;hills;1
2667;116;142;188;land;false;marsh;1
2668;117;36;185;land;false;forest;1
2669;117;63;179;land;false;hills;1
2670;117;129;174;land;false;hills;1
2671;117;145;216;land;false;plains;1
2672;118;62;157;land;false;rural;1
2673;118;81;185;land;false;hills;1
2674;118;125;172;land;false;plains;1
2675;118;133;192;land;false;marsh;1
2676;118;143;203;land;false;plains;1
2677;119;105;197;land;false;hills;1
2678;119;134;179;land;false;plains;1
2679;119;134;186;land;false;plains;1
2680;119;171;240;land;true;forest;1
2681;120;112;159;land;false;plains;1
2682;120;114;190;land;true;urban;1
2683;120;123;191;land;false;hills;1
2684;120;137;206;land;false;hills;1
2685;120;138;182;land;false;plains;1
2686;120;139;179;land;false;plains;1
2687;120;159;243;land;false;plains;1
2688;120;194;231;land;false;plains;1
2689;121;18;166;land;false;urban;1
2690;121;107;160;land;true;mountain;1
2691;121;136;247;land;false;forest;1
2692;122;84;191;land;false;mountain;1
2693;122;91;43;land;false;plains;1
2694;122;116;173;land;false;mountain;1
2695;122;136;251;land;true;rural;1
2696;122;137;181;land;false;rural;1
2697;122;138;223;land;false;hills;1
2698;122;183;246;land;true;urban;1
2699;123;72;37;land;false;urban;1
2700;123;129;172;land;false;plains;1
2701;123;169;86;land;true;plains;1
2702;124;115;208;land;false;plains;1
2703;124;144;179;land;false;plains;1
2704;125;98;197;land;false;hills;1
2705;125;120;174;land;false;hills;1
2706;125;128;75;land;false;plains;1
2707;125;160;208;land;false;plains;1
2708;126;54;164;land;false;forest;1
2709;126;89;184;land;false;plains;1
2710;126;158;249;land;false;hills;1
2711;127;49;169;land;false;forest;1
2712;127;95;227;land;false;rural;1
2713;127;131;84;land;false;plains;1
2714;127;136;232;land;false;rural;1
2715;127;198;232;land;false;rural;1
2716;128;23;183;land;false;plains;1
2717;128;38;179;land;false;hills;1
2718;128;66;165;land;false;forest;1
2719;128;140;210;land;false;plains;1
2720;128;149;241;land;false;forest;1
2721;128;150;244;land;false;hills;1
2722;128;157;221;land;false;plains;1
2723;128;162;210;land;false;rural;1
2724;128;162;235;land;false;plains;1
2725;129;198;106;land;true;marsh;1
2726;130;84;19;land;false;rural;1
2727;130;101;38;land;false;forest;1
2728;130;135;254;land;false;forest;1
2729;130;145;218;land;true;urban;1
2730;130;149;213;land;false;hills;1
2731;130;160;220;land;false;plains;1
2732;131;91;21;land;false;plains;1
2733;131;124;170;land;false;forest;1
2734;131;147;198;land;false;plains;1
2735;131;149;244;land;false;hills;1
2736;132;92;218;land;false;hills;1
2737;132;140;199;land;false;hills;1
2738;133;97;31;land;true;plains;1
2739;133;98;3;land;false;plains;1
2740;133;155;208;land;false;plains;1
2741;133;202;108;land;true;rural;1
2742;133;224;101;land;false;rural;1
2743;134;101;194;land;false;plains;1
2744;134;149;219;land;false;mountain;1
2745;134;153;237;land;false;rural;1
2746;135;80;202;land;false;plains;1
2747;135;139;84;land;false;plains;1
2748;135;160;209;land;false;plains;1
2749;135;163;228;land;false;plains;1
2750;136;91;207;land;false;hills;1
2751;136;118;225;land;false;plains;1
2752;136;155;252;land;false;hills;1
2753;136;232;101;land;false;forest;1
2754;137;79;203;land;false;plains;1
2755;137;120;200;land;false;rural;1
2756;137;146;209;land;false;forest;1
2757;137;156;237;land;false;plains;1
2758;137;162;227;land;false;rural;1
2759;137;242;64;land;false;plains;1
2760;138;152;234;land;false;urban;1
2761;139;91;187;land;false;plains;1
2762;139;109;192;land;true;forest;1
2763;139;153;231;land;false;plains;1
2764;139;160;224;land;false;urban;1
2765;140;137;242;land;false;forest;1
2766;140;161;221;land;false;plains;1
2767;141;42;212;land;false;plains;1
2768;141;60;208;land;false;hills;1
2769;141;76;195;land;false;mountain;1
2770;141;165;213;land;false;plains;1
2771;142;37;254;land;false;hills;1
2772;142;176;242;land;false;plains;1
2773;143;49;17;land;false;plains;1
2774;143;74;196;land;false;rural;1
2775;144;66;201;land;false;forest;1
2776;144;160;231;land;false;plains;1
2777;145;64;167;land;false;hills;1
2778;145;99;222;land;false;plains;1
2779;145;121;242;land;false;hills;1
2780;145;238;72;land;false;urban;1
2781;145;238;76;land;false;marsh;1
2782;146;54;48;land;true;plains;1
2783;146;85;183;land;true;hills;1
2784;147;29;132;land;false;marsh;1
2785;147;122;178;land;true;marsh;1
2786;148;62;165;land;false;hills;1
2787;148;86;202;land;false;hills;1
2788;148;119;194;land;false;hills;1
2789;149;84;49;land;true;urban;1
2790;149;175;235;land;false;plains;1
2791;149;175;248;land;false;plains;1
2792;150;33;199;land;false;rural;1
2793;150;57;52;land;true;urban;1
2794;150;101;26;land;false;plains;1
2795;150;126;178;land;true;plains;1
2796;150;176;227;land;false;plains;1
2797;150;219;124;land;true;marsh;1
2798;150;251;111;land;true;marsh;1
2799;151;161;224;land;false;plains;1
2800;151;166;253;land;false;plains;1
2801;152;30;206;land;false;plains;1
2802;152;76;238;land;false;plains;1
2803;152;171;217;land;false;plains;1
2804;152;174;243;land;false;plains;1
2805;152;251;120;land;false;plains;1
2806;153;114;224;land;false;plains;1
2807;153;127;224;land;false;mountain;1
2808;153;175;231;land;false;hills;1
2809;154;70;207;land;false;plains;1
2810;154;89;205;land;false;forest;1
2811;154;170;238;land;false;urban;1
2812;154;178;222;land;false;hills;1
2813;155;79;187;land;false;hills;1
2814;155;98;163;land;false;mountain;1
2815;156;51;141;land;false;marsh;1
2816;156;140;175;land;true;plains;1
2817;157;28;223;land;false;hills;1
2818;157;69;176;land;false;rural;1
2819;157;95;183;land;false;rural;1
2820;158;128;177;land;false;hills;1
2821;159;124;80;land;false;plains;1
2822;159;135;188;land;false;hills;1
2823;159;159;92;land;false;rural;1
2824;160;88;168;land;false;hills;1
2825;160;141;180;land;false;urban;1
2826;160;175;227;land;false;plains;1
2827;160;190;246;land;false;plains;1
2828;161;121;66;land;true;marsh;1
2829;161;194;238;land;false;plains;1
2830;162;23;220;land;false;hills;1
2831;162;135;189;land;false;urban;1
2832;164;151;192;land;false;rural;1
2833;165;90;208;land;false;mountain;1
2834;165;129;183;land;false;plains;1
2835;165;131;94;land;true;marsh;1
2836;166;75;195;land;false;forest;1
2837;166;129;79;land;true;plains;1
2838;167;90;41;land;false;rural;1
2839;167;126;181;land;true;marsh;1
2840;167;139;197;land;false;hills;1
2841;168;138;198;land;true;hills;1
2842;168;144;181;land;true;plains;1
2843;168;156;196;land;true;marsh;1
2844;169;64;143;land;false;plains;1
2845;169;114;65;land;false;plains;1
2846;169;130;184;land;false;plains;1
2847;169;141;30;land;false;forest;1
2848;169;147;193;land;true;marsh;1
2849;170;11;145;land;true;urban;1
2850;170;50;123;land;false;marsh;1
2851;170;69;239;land;false;plains;1
2852;170;81;199;land;false;forest;1
2853;171;74;60;land;false;rural;1
2854;171;135;187;land;false;plains;1
2855;172;133;187;land;false;plains;1
2856;172;166;119;land;false;urban;1
2857;173;80;196;land;false;hills;1
2858;173;104;16;land;false;urban;1
2859;173;112;200;land;false;mountain;1
2860;173;127;97;land;true;plains;1
2861;173;145;182;land;false;plains;1
2862;173;253;158;land;true;plains;1
2863;174;124;50;land;false;forest;1
2864;175;130;190;land;false;rural;1
2865;175;140;198;land;false;urban;1
2866;175;151;188;land;true;urban;1
2867;176;47;250;land;false;hills;1
2868;176;58;142;land;false;urban;1
2869;176;120;211;land;false;hills;1
2870;177;111;218;land;false;forest;1
2871;177;115;60;land;false;plains;1
2872;177;150;189;land;false;plains;1
2873;178;142;244;land;false;forest;1
2874;178;155;54;land;true;plains;1
2875;178;175;118;land;false;plains;1
2876;179;61;246;land;false;plains;1
2877;180;58;13;land;false;plains;1
2878;180;134;96;land;true;rural;1
2879;180;168;101;land;false;rural;1
2880;181;128;212;land;false;hills;1
2881;181;144;196;land;true;plains;1
2882;182;34;233;land;false;hills;1
2883;182;114;44;land;false;plains;1
2884;182;152;195;land;false;hills;1
2885;182;156;220;land;true;urban;1
2886;183;66;40;land;true;marsh;1
2887;183;80;43;land;false;plains;1
2888;184;38;154;land;false;plains;1
2889;184;72;39;land;true;plains;1
2890;185;100;31;land;false;rural;1
2891;185;146;213;land;false;plains;1
2892;185;160;197;land;false;hills;1
2893;186;53;159;land;false;rural;1
2894;186;74;243;land;false;plains;1
2895;186;92;221;land;false;hills;1
2896;187;148;202;land;false;plains;1
2897;188;90;46;land;false;plains;1
2898;188;155;204;land;false;plains;1
2899;190;159;205;land;true;marsh;1
2900;191;118;217;land;false;hills;1
2901;191;125;66;land;false;plains;1
2902;192;105;212;land;false;hills;1
2903;192;160;213;land;true;rural;1
2904;192;171;214;land;false;hills;1
2905;193;153;205;land;false;plains;1
2906;193;156;219;land;false;mountain;1
2907;196;166;211;land;false;plains;1
2908;197;75;160;land;false;plains;1
2909;198;36;17;land;true;plains;1
2910;198;67;2;land;true;marsh;1
2911;199;87;250;land;false;forest;1
2912;200;102;16;land;false;plains;1
2913;200;119;215;land;false;hills;1
2914;201;69;6;land;false;urban;1
2915;201;167;211;land;false;plains;1
2916;204;67;7;land;false;marsh;1
2917;204;177;253;land;false;forest;1
2918;204;182;228;land;false;hills;1
2919;205;135;224;land;false;hills;1
2920;208;172;237;land;false;hills;1
2921;209;170;223;land;false;plains;1
2922;211;125;79;land;true;rural;1
2923;213;118;56;land;false;plains;1
2924;213;124;95;land;true;marsh;1
2925;213;125;49;land;true;plains;1
2926;213;176;232;land;false;plains;1
2927;214;62;157;land;false;plains;1
2928;214;119;230;land;false;mountain;1
2929;215;25;194;land;false;plains;1
2930;215;131;228;land;false;hills;1
2931;216;170;99;land;true;marsh;1
2932;216;171;249;land;false;plains;1
2933;219;166;79;land;false;rural;1
2934;220;139;236;land;false;forest;1
2935;221;113;69;land;true;urban;1
2936;222;100;4;land;false;plains;1
2937;222;122;82;land;false;plains;1
2938;224;141;247;land;false;plains;1
2939;224;173;242;land;false;rural;1
2940;224;183;250;land;false;plains;1
2941;227;34;162;land;false;plains;1
2942;228;74;42;land;false;urban;1
2943;229;104;31;land;false;rural;1
2944;232;193;252;land;false;hills;1
2945;232;196;251;land;false;plains;1
2946;233;206;254;land;false;plains;1
2947;234;20;154;land;true;marsh;1
2948;235;83;10;land;true;urban;1
2949;245;122;69;land;true;plains;1
2950;249;122;100;land;true;plains;1
2951;30;67;131;land;false;plains;1
2952;15;20;27;land;false;plains;1
2953;15;24;24;land;false;plains;1
2954;15;111;115;land;true;plains;1
2955;16;19;24;land;false;forest;1
2956;16;39;28;land;true;plains;1
2957;16;49;39;land;false;plains;1
2958;16;82;66;land;false;plains;1
2959;17;18;18;land;false;hills;1
2960;17;46;168;land;false;hills;1
2961;17;57;48;land;false;marsh;1
2962;17;91;43;land;false;plains;1
2963;17;98;87;land;false;hills;1
2964;18;22;28;land;false;plains;1
2965;18;33;128;land;false;plains;1
2966;18;37;38;land;false;forest;1
2967;18;57;68;land;false;plains;1
2968;18;88;71;land;false;hills;1
2969;18;174;179;land;false;plains;1
2970;19;65;50;land;false;plains;1
2971;19;150;182;land;false;plains;1
2972;20;21;22;land;false;plains;1
2973;20;22;22;land;false;plains;1
2974;20;54;186;land;false;hills;1
2975;20;76;209;land;false;mountain;1
2976;20;141;105;land;false;hills;1
2977;21;27;26;land;false;plains;1
2978;21;48;115;land;false;hills;1
2979;21;63;84;land;true;plains;1
2980;21;85;66;land;false;forest;1
2981;21;213;206;land;false;plains;1
2982;22;23;24;land;false;plains;1
2983;22;24;24;land;false;plains;1
2984;22;31;30;land;false;plains;1
2985;22;41;29;land;false;plains;1
2986;22;48;37;land;false;plains;1
2987;22;75;56;land;true;plains;1
2988;23;29;29;land;false;plains;1
2989;23;40;40;land;false;forest;1
2990;23;95;152;land;false;plains;1
2991;23;122;106;land;false;plains;1
2992;24;35;33;land;false;plains;1
2993;24;49;41;land;false;plains;1
2994;24;54;42;land;true;hills;1
2995;24;75;119;land;false;plains;1
2996;24;83;70;land;false;marsh;1
2997;25;51;107;land;false;hills;1
2998;25;70;65;land;false;plains;1
2999;25;98;77;land;false;plains;1
3000;25;107;91;land;false;plains;1
3001;26;37;33;land;false;forest;1
3002;26;52;48;land;false;forest;1
3003;26;73;178;land;false;mountain;1
3004;26;125;107;land;false;plains;1
3005;26;186;188;land;false;plains;1
3006;26;213;188;land;false;plains;1
3007;27;29;29;land;true;plains;1
3008;27;49;156;land;false;plains;1
3009;27;51;52;land;false;hills;1
3010;27;54;44;land;false;plains;1
3011;27;70;174;land;false;hills;1
3012;27;137;94;land;true;plains;1
3013;28;30;31;land;false;plains;1
3014;28;34;42;land;false;forest;1
3015;28;38;35;land;false;plains;1
3016;28;38;48;land;false;forest;1
3017;28;39;48;land;false;plains;1
3018;28;45;35;land;false;forest;1
3019;28;56;178;land;false;plains;1
3020;29;32;33;land;false;plains;1
3021;29;43;43;land;false;forest;1
3022;29;60;40;land;true;plains;1
3023;29;66;184;land;false;plains;1
3024;29;98;156;land;false;plains;1
3025;29;110;135;land;false;forest;1
3026;29;184;112;land;false;plains;1
3027;30;33;33;land;false;forest;1
3028;30;40;49;land;false;forest;1
3029;30;55;45;land;false;plains;1
3030;30;107;45;land;true;plains;1
3031;30;111;100;land;false;marsh;1
3032;30;117;83;land;true;plains;1
3033;30;131;193;land;false;hills;1
3034;31;49;106;land;false;forest;1
3035;31;78;65;land;false;marsh;1
3036;32;35;35;land;false;plains;1
3037;32;41;47;land;false;forest;1
3038;32;42;42;land;false;plains;1
3039;32;42;43;land;true;marsh;1
3040;32;54;106;land;false;forest;1
3041;32;58;58;land;false;plains;1
3042;32;65;63;land;false;plains;1
3043;32;104;56;land;true;plains;1
3044;32;140;144;land;false;plains;1
3045;33;36;37;land;false;hills;1
3046;33;43;39;land;false;plains;1
3047;33;45;43;land;false;plains;1
3048;33;46;41;land;false;plains;1
3049;33;49;48;land;false;plains;1
3050;33;58;68;land;true;plains;1
3051;33;82;66;land;false;plains;1
3052;33;88;110;land;false;forest;1
3053;33;114;106;land;false;plains;1
3054;33;123;64;land;true;plains;1
3055;33;144;120;land;false;plains;1
3056;33;147;77;land;true;plains;1
3057;34;41;52;land;false;mountain;1
3058;34;47;121;land;false;hills;1
3059;34;49;59;land;false;plains;1
3060;34;69;49;land;false;plains;1
3061;34;78;73;land;false;plains;1
3062;34;95;121;land;true;plains;1
3063;34;100;117;land;false;forest;1
3064;34;126;83;land;true;plains;1
3065;34;138;110;land;false;plains;1
3066;34;160;186;land;false;plains;1
3067;35;44;41;land;false;hills;1
3068;35;57;120;land;false;forest;1
3069;35;64;47;land;true;plains;1
3070;35;79;63;land;true;marsh;1
3071;35;148;70;land;true;marsh;1
3072;36;103;109;land;true;plains;1
3073;36;130;88;land;false;forest;1
3074;36;131;103;land;false;plains;1
3075;36;135;140;land;false;forest;1
3076;36;144;123;land;false;plains;1
3077;37;39;40;land;true;plains;1
3078;37;95;127;land;false;plains;1
3079;37;96;54;land;false;plains;1
3080;37;97;65;land;true;plains;1
3081;37;109;56;land;true;plains;1
3082;37;110;105;land;false;plains;1
3083;37;118;50;land;false;forest;1
3084;38;42;42;land;false;forest;1
3085;38;107;154;land;false;plains;1
3086;38;115;11;land;false;plains;1
3087;38;116;84;land;false;plains;1
3088;38;167;158;land;false;plains;1
3089;38;202;199;land;false;plains;1
3090;39;49;49;land;false;forest;1
3091;39;75;75;land;false;hills;1
3092;39;104;129;land;true;plains;1
3093;39;137;109;land;false;plains;1
3094;39;158;102;land;false;forest;1
3095;39;164;197;land;false;plains;1
3096;40;55;53;land;true;marsh;1
3097;40;90;68;land;false;forest;1
3098;40;96;96;land;true;plains;1
3099;40;134;97;land;false;plains;1
3100;40;155;129;land;false;plains;1
3101;41;52;71;land;false;forest;1
3102;41;58;50;land;false;plains;1
3103;42;45;45;land;false;plains;1
3104;42;54;50;land;false;plains;1
3105;42;54;195;land;false;hills;1
3106;42;58;51;land;false;mountain;1
3107;42;59;51;land;false;mountain;1
3108;42;79;88;land;false;plains;1
3109;42;80;97;land;false;hills;1
3110;42;120;117;land;false;plains;1
3111;43;71;93;land;false;forest;1
3112;43;79;64;land;false;forest;1
3113;43;87;123;land;true;forest;1
3114;43;89;77;land;false;plains;1
3115;43;97;135;land;true;forest;1
3116;43;109;82;land;false;plains;1
3117;43;125;116;land;false;plains;1
3118;43;149;135;land;false;forest;1
3119;44;58;123;land;false;marsh;1
3120;44;68;68;land;false;plains;1
3121;44;74;74;land;false;plains;1
3122;44;80;62;lake;false;lake;1
3123;44;87;68;lake;false;lake;1
3124;44;126;93;land;false;plains;1
3125;44;159;134;land;false;plains;1
3126;44;179;103;land;false;plains;1
3127;45;47;47;land;false;plains;1
3128;45;83;183;land;false;hills;1
3129;45;84;105;land;true;plains;1
3130;45;85;63;land;false;plains;1
3131;45;99;81;land;false;hills;1
3132;45;103;77;land;false;plains;1
3133;45;105;81;land;true;forest;1
3134;45;155;168;land;false;plains;1
3135;46;31;63;land;false;plains;1
3136;46;46;46;land;false;plains;1
3137;46;49;50;land;false;plains;1
3138;46;64;63;land;false;plains;1
3139;46;76;202;land;false;plains;1
3140;46;94;71;land;true;hills;1
3141;46;104;100;land;false;forest;1
3142;46;113;86;land;false;forest;1
3143;46;115;123;land;false;plains;1
3144;46;118;54;land;false;forest;1
3145;47;47;47;land;false;plains;1
3146;47;50;51;land;true;plains;1
3147;47;81;62;land;false;plains;1
3148;47;91;185;land;false;hills;1
3149;47;93;204;land;false;plains;1
3150;47;101;202;land;false;forest;1
3151;47;118;101;land;false;forest;1
3152;47;127;56;land;false;plains;1
3153;47;163;132;land;false;plains;1
3154;47;191;44;land;false;forest;1
3155;48;66;58;land;false;plains;1
3156;48;82;82;land;true;plains;1
3157;48;84;64;land;true;plains;1
3158;48;110;85;land;false;plains;1
3159;48;147;88;land;true;plains;1
3160;48;168;196;land;false;plains;1
3161;49;61;57;land;false;plains;1
3162;49;62;80;land;false;mountain;1
3163;49;65;80;land;false;plains;1
3164;49;65;184;land;false;marsh;1
3165;49;83;69;land;false;forest;1
3166;49;160;49;land;false;plains;1
3167;49;183;214;land;false;hills;1
3168;50;50;50;land;false;forest;1
3169;50;55;56;land;true;plains;1
3170;50;58;68;land;false;mountain;1
3171;50;80;79;land;false;hills;1
3172;50;109;48;land;true;plains;1
3173;50;120;79;land;false;hills;1
3174;50;130;105;land;false;marsh;1
3175;50;146;83;land;true;plains;1
3176;50;156;126;land;false;plains;1
3177;50;205;198;land;false;plains;1
3178;51;51;51;land;false;plains;1
3179;51;60;80;land;false;plains;1
3180;51;70;62;land;false;hills;1
3181;51;70;66;land;false;hills;1
3182;51;82;105;land;true;plains;1
3183;51;94;105;land;false;forest;1
3184;51;109;86;land;false;plains;1
3185;51;126;91;land;false;plains;1
3186;51;145;25;land;false;hills;1
3187;51;155;56;land;false;plains;1
3188;51;198;141;land;true;plains;1
3189;52;57;57;land;false;plains;1
3190;52;66;63;land;false;plains;1
3191;52;71;84;land;false;hills;1
3192;52;104;45;land;false;forest;1
3193;52;116;145;land;false;plains;1
3194;52;119;44;land;false;plains;1
3195;52;126;108;land;false;plains;1
3196;52;140;60;land;false;plains;1
3197;52;160;46;land;false;forest;1
3198;53;58;58;land;false;forest;1
3199;53;67;83;land;false;hills;1
3200;53;69;138;land;false;plains;1
3201;53;72;70;land;true;plains;1
3202;53;84;78;land;false;plains;1
3203;53;110;86;land;false;hills;1
3204;53;116;91;land;false;forest;1
3205;53;117;78;land;true;forest;1
3206;53;141;130;land;false;plains;1
3207;53;188;63;land;false;forest;1
3208;53;214;191;land;false;forest;1
3209;54;54;54;land;false;forest;1
3210;54;69;86;land;false;hills;1
3211;54;73;142;land;false;plains;1
3212;54;98;74;land;false;forest;1
3213;54;98;80;land;false;hills;1
3214;54;106;93;land;false;forest;1
3215;54;112;66;land;false;plains;1
3216;54;119;74;land;true;plains;1
3217;54;148;125;land;false;forest;1
3218;55;30;77;land;false;plains;1
3219;55;55;55;land;false;hills;1
3220;55;58;58;land;false;plains;1
3221;55;73;90;land;false;hills;1
3222;55;109;84;land;false;plains;1
3223;55;115;47;land;false;plains;1
3224;55;116;88;land;false;plains;1
3225;55;147;97;land;false;plains;1
3226;55;183;172;land;false;plains;1
3227;56;137;100;land;true;plains;1
3228;56;166;123;land;false;forest;1
3229;57;72;81;land;false;plains;1
3230;57;75;69;land;false;forest;1
3231;57;75;93;land;false;mountain;1
3232;57;75;129;land;false;plains;1
3233;57;99;115;land;true;plains;1
3234;57;112;59;land;true;plains;1
3235;57;184;193;land;false;hills;1
3236;57;235;250;land;false;plains;1
3237;58;58;58;land;false;marsh;1
3238;58;62;62;land;false;forest;1
3239;58;94;206;land;false;plains;1
3240;58;99;80;land;false;mountain;1
3241;58;100;82;land;true;plains;1
3242;58;108;52;land;true;plains;1
3243;58;136;48;land;false;plains;1
3244;58;164;108;land;true;plains;1
3245;59;59;59;land;false;plains;1
3246;59;64;65;land;false;plains;1
3247;59;77;73;land;false;plains;1
3248;59;82;75;land;false;hills;1
3249;59;101;140;land;false;plains;1
3250;59;106;102;land;true;hills;1
3251;59;111;81;land;false;forest;1
3252;59;139;104;land;true;marsh;1
3253;59;215;9;land;false;plains;1
3254;60;25;103;land;false;marsh;1
3255;60;64;65;land;false;hills;1
3256;60;83;80;land;false;plains;1
3257;60;98;84;lake;false;lake;1
3258;60;141;131;land;false;plains;1
3259;60;144;69;land;false;forest;1
3260;60;149;13;land;false;plains;1
3261;61;61;61;land;false;plains;1
3262;61;65;65;land;true;plains;1
3263;61;67;68;land;false;forest;1
3264;61;84;79;land;false;forest;1
3265;61;107;84;land;false;plains;1
3266;61;116;86;land;false;plains;1
3267;61;137;66;land;false;plains;1
3268;61;171;82;land;false;plains;1
3269;62;66;66;land;false;forest;1
3270;62;68;69;land;true;forest;1
3271;62;81;158;land;false;forest;1
3272;62;143;113;land;true;forest;1
3273;63;36;99;land;true;marsh;1
3274;63;121;89;land;true;plains;1
3275;63;121;95;land;false;plains;1
3276;63;138;111;land;false;forest;1
3277;63;146;115;land;false;plains;1
3278;63;154;124;land;false;forest;1
3279;64;18;84;land;false;marsh;1
3280;64;64;64;land;false;forest;1
3281;64;84;77;land;false;plains;1
3282;64;93;87;land;true;plains;1
3283;64;109;100;land;true;marsh;1
3284;64;125;94;land;true;forest;1
3285;64;134;118;land;false;plains;1
3286;64;204;58;land;true;plains;1
3287;65;65;65;land;false;plains;1
3288;65;85;97;land;false;plains;1
3289;65;199;49;land;true;plains;1
3290;66;39;105;land;false;plains;1
3291;66;83;78;land;false;plains;1
3292;66;145;127;land;true;plains;1
3293;66;201;235;land;false;plains;1
3294;66;203;143;land;true;hills;1
3295;67;67;67;land;false;hills;1
3296;67;72;72;land;false;plains;1
3297;67;91;87;land;true;plains;1
3298;67;92;85;land;false;plains;1
3299;67;96;169;land;false;plains;1
3300;67;105;104;land;false;hills;1
3301;67;124;102;land;false;plains;1
3302;67;153;175;land;false;plains;1
3303;67;156;202;land;false;plains;1
3304;67;175;20;land;false;plains;1
3305;68;68;68;land;false;plains;1
3306;68;84;80;land;false;forest;1
3307;68;90;86;land;true;hills;1
3308;68;172;142;land;false;plains;1
3309;68;174;156;land;false;plains;1
3310;69;22;116;land;true;marsh;1
3311;69;31;94;land;false;plains;1
3312;69;106;175;land;false;forest;1
3313;70;74;74;land;false;plains;1
3314;70;173;77;land;false;forest;1
3315;71;71;71;land;false;mountain;1
3316;71;91;202;land;false;plains;1
3317;71;141;78;land;false;plains;1
3318;71;179;120;land;true;forest;1
3319;72;76;77;land;true;plains;1
3320;72;112;110;land;false;forest;1
3321;72;132;65;land;false;plains;1
3322;72;132;100;land;true;plains;1
3323;72;142;112;land;false;plains;1
3324;73;73;73;land;false;plains;1
3325;73;100;196;land;false;plains;1
3326;73;138;23;land;false;plains;1
3327;73;151;6;land;false;plains;1
3328;73;153;48;land;false;forest;1
3329;73;176;168;land;false;hills;1
3330;73;181;42;land;false;forest;1
3331;73;201;84;land;false;forest;1
3332;74;141;116;land;false;hills;1
3333;74;143;122;land;false;plains;1
3334;75;154;85;land;false;plains;1
3335;75;157;28;land;false;plains;1
3336;75;218;8;land;false;plains;1
3337;76;83;83;land;false;plains;1
3338;76;104;183;land;false;plains;1
3339;76;105;96;land;false;forest;1
3340;76;117;202;land;false;hills;1
3341;76;122;105;land;false;hills;1
3342;76;185;139;land;false;plains;1
3343;77;83;84;land;false;forest;1
3344;77;107;96;land;false;hills;1
3345;77;150;205;land;false;forest;1
3346;78;100;200;land;false;plains;1
3347;78;127;96;land;true;marsh;1
3348;78;167;78;land;false;plains;1
3349;79;179;110;land;false;plains;1
3350;80;128;104;land;false;plains;1
3351;80;178;89;land;false;plains;1
3352;81;114;187;land;false;marsh;1
3353;81;152;162;land;false;plains;1
3354;81;154;71;land;false;plains;1
3355;81;170;151;land;false;forest;1
3356;82;118;182;land;false;forest;1
3357;82;138;50;land;false;plains;1
3358;82;169;123;land;true;plains;1
3359;83;112;193;land;false;hills;1
3360;83;166;95;land;false;plains;1
3361;83;194;119;land;true;marsh;1
3362;85;151;126;land;true;plains;1
3363;85;185;140;land;false;forest;1
3364;85;195;164;land;false;plains;1
3365;86;86;86;land;false;plains;1
3366;86;155;79;land;false;forest;1
3367;87;87;87;land;false;forest;1
3368;87;112;105;land;false;plains;1
3369;87;113;102;land;false;plains;1
3370;87;243;230;land;false;plains;1
3371;88;88;88;land;false;plains;1
3372;88;165;206;land;false;forest;1
3373;88;182;178;land;false;hills;1
3374;88;202;175;land;false;marsh;1
3375;88;208;21;land;false;hills;1
3376;89;89;89;land;false;plains;1
3377;89;168;19;land;false;forest;1
3378;89;189;124;land;true;plains;1
3379;89;189;193;land;false;forest;1
3380;89;190;137;land;true;plains;1
3381;89;198;120;land;true;forest;1
3382;90;76;171;land;false;forest;1
3383;90;176;131;land;true;marsh;1
3384;91;145;112;land;true;plains;1
3385;92;174;201;land;false;hills;1
3386;93;127;208;land;false;plains;1
3387;93;134;124;land;false;plains;1
3388;93;180;95;land;false;plains;1
3389;93;201;165;land;true;plains;1
3390;94;90;168;land;false;forest;1
3391;94;94;94;land;false;forest;1
3392;94;133;115;land;true;plains;1
3393;95;80;167;land;false;forest;1
3394;95;133;119;land;true;forest;1
3395;96;132;117;land;false;forest;1
3396;96;136;125;land;true;plains;1
3397;96;164;156;land;false;hills;1
3398;96;178;61;land;false;plains;1
3399;96;188;56;land;false;mountain;1
3400;97;97;97;land;false;plains;1
3401;97;175;156;land;false;plains;1
3402;97;175;170;land;true;plains;1
3403;98;41;162;land;false;plains;1
3404;98;82;168;land;false;plains;1
3405;98;228;218;land;false;plains;1
3406;99;86;173;land;false;hills;1
3407;100;100;100;land;false;plains;1
3408;100;130;118;land;false;plains;1
3409;100;141;121;land;true;plains;1
3410;100;170;107;land;false;hills;1
3411;100;173;167;land;false;plains;1
3412;100;177;173;land;false;plains;1
3413;100;180;171;land;false;plains;1
3414;101;57;150;land;false;forest;1
3415;101;169;142;land;false;hills;1
3416;102;102;102;land;false;forest;1
3417;102;110;216;land;false;hills;1
3418;102;132;123;land;false;forest;1
3419;103;98;196;land;false;plains;1
3420;103;103;103;land;false;mountain;1
3421;103;107;224;land;false;plains;1
3422;103;181;162;land;false;plains;1
3423;104;43;136;land;false;plains;1
3424;104;64;142;land;true;marsh;1
3425;104;139;123;land;false;plains;1
3426;104;150;131;land;false;plains;1
3427;105;145;126;land;false;plains;1
3428;105;150;137;land;false;plains;1
3429;105;155;122;land;false;plains;1
3430;105;162;133;land;true;plains;1
3431;106;92;177;land;false;mountain;1
3432;106;106;106;land;false;forest;1
3433;106;133;125;land;false;plains;1
3434;106;177;159;land;false;forest;1
3435;106;213;10;land;false;forest;1
3436;106;225;162;land;true;marsh;1
3437;107;51;144;land;false;plains;1
3438;107;107;107;land;false;hills;1
3439;107;143;122;land;false;forest;1
3440;107;208;10;land;false;hills;1
3441;108;95;177;land;false;plains;1
3442;108;103;172;land;false;plains;1
3443;108;108;108;land;false;plains;1
3444;108;124;120;land;false;plains;1
3445;108;124;122;land;false;hills;1
3446;108;163;134;lake;false;lake;1
3447;109;96;197;land;false;hills;1
3448;109;109;109;land;false;plains;1
3449;109;120;242;land;false;plains;1
3450;109;153;129;land;false;plains;1
3451;109;156;124;land;false;forest;1
3452;109;181;141;lake;false;lake;1
3453;110;124;122;land;false;hills;1
3454;110;188;161;land;false;hills;1
3455;110;198;193;land;false;plains;1
3456;111;124;122;land;false;plains;1
3457;111;128;74;land;false;rural;1
3458;111;158;138;land;true;plains;1
3459;111;163;137;land;false;plains;1
3460;112;127;126;land;false;hills;1
3461;112;154;141;land;false;hills;1
3462;112;179;147;land;false;plains;1
3463;112;190;161;land;false;hills;1
3464;113;66;158;land;false;plains;1
3465;113;103;223;land;false;hills;1
3466;113;107;175;land;false;forest;1
3467;113;180;129;land;false;plains;1
3468;113;192;182;land;false;forest;1
3469;114;131;130;land;false;hills;1
3470;114;132;129;land;false;plains;1
3471;114;140;129;land;true;forest;1
3472;114;156;137;land;false;plains;1
3473;114;156;143;land;false;plains;1
3474;114;164;158;land;false;hills;1
3475;114;169;40;land;false;plains;1
3476;114;220;27;land;false;forest;1
3477;115;93;200;land;false;plains;1
3478;115;149;124;land;false;forest;1
3479;115;152;125;land;false;plains;1
3480;115;176;164;land;false;plains;1
3481;115;178;143;land;false;plains;1
3482;115;190;179;land;false;forest;1
3483;116;130;128;land;false;hills;1
3484;116;131;130;land;false;plains;1
3485;116;151;135;land;false;forest;1
3486;116;153;131;land;false;forest;1
3487;116;203;189;land;false;forest;1
3488;117;68;161;land;false;plains;1
3489;117;145;135;land;false;plains;1
3490;117;166;142;land;false;plains;1
3491;117;172;154;land;true;forest;1
3492;117;174;125;land;false;plains;1
3493;117;177;124;land;false;plains;1
3494;117;183;137;land;false;plains;1
3495;118;105;180;land;false;plains;1
3496;118;149;135;land;false;plains;1
3497;118;157;137;land;false;plains;1
3498;118;161;139;land;false;plains;1
3499;118;167;142;land;false;plains;1
3500;118;167;150;land;false;plains;1
3501;118;169;131;land;true;plains;1
3502;118;172;162;land;false;forest;1
3503;118;189;130;land;false;plains;1
3504;118;191;138;land;false;forest;1
3505;118;213;201;land;false;plains;1
3506;118;243;240;land;false;plains;1
3507;119;130;128;land;false;hills;1
3508;119;146;132;land;false;plains;1
3509;119;151;139;land;false;plains;1
3510;119;157;143;land;false;forest;1
3511;119;163;133;land;false;forest;1
3512;120;110;211;land;false;hills;1
3513;120;133;130;land;false;forest;1
3514;120;136;134;land;false;plains;1
3515;120;139;135;land;false;hills;1
3516;120;155;142;land;false;plains;1
3517;120;168;152;land;false;plains;1
3518;120;180;148;land;false;plains;1
3519;120;200;188;land;false;hills;1
3520;120;217;168;land;false;plains;1
3521;121;150;141;land;true;hills;1
3522;121;170;143;land;false;plains;1
3523;121;176;148;land;false;plains;1
3524;122;196;10;land;false;plains;1
3525;123;115;224;land;false;hills;1
3526;123;129;218;land;false;hills;1
3527;123;152;141;land;true;plains;1
3528;123;161;151;land;false;forest;1
3529;123;182;161;land;false;mountain;1
3530;123;200;126;land;false;plains;1
3531;123;204;189;land;false;forest;1
3532;123;205;148;land;false;forest;1
3533;124;141;141;land;false;plains;1
3534;124;168;147;land;false;plains;1
3535;124;177;167;land;false;plains;1
3536;124;190;143;land;false;plains;1
3537;125;141;140;land;false;plains;1
3538;125;191;144;land;false;plains;1
3539;125;202;191;land;false;plains;1
3540;126;114;204;land;false;plains;1
3541;126;122;186;land;true;plains;1
3542;126;190;184;land;false;plains;1
3543;126;197;160;land;false;plains;1
3544;126;209;67;land;false;plains;1
3545;127;144;141;land;false;hills;1
3546;127;168;144;land;false;plains;1
3547;127;181;167;land;false;forest;1
3548;127;206;174;land;false;plains;1
3549;128;127;133;land;false;forest;1
3550;128;146;144;land;false;plains;1
3551;128;169;155;land;false;plains;1
3552;128;185;158;land;false;plains;1
3553;128;197;140;land;false;forest;1
3554;128;197;185;land;false;plains;1
3555;129;166;152;land;false;plains;1
3556;129;167;139;land;false;plains;1
3557;129;173;140;land;false;plains;1
3558;129;175;159;land;false;plains;1
3559;129;176;131;land;false;mountain;1
3560;129;190;66;land;false;plains;1
3561;129;195;147;land;false;plains;1
3562;130;166;150;land;true;plains;1
3563;130;179;166;land;false;plains;1
3564;130;229;210;land;false;plains;1
3565;131;181;166;land;false;plains;1
3566;131;183;170;land;false;hills;1
3567;131;189;152;land;true;plains;1
3568;131;203;193;land;false;plains;1
3569;131;226;196;land;false;forest;1
3570;131;230;204;land;false;forest;1
3571;131;231;215;land;false;plains;1
3572;132;140;232;land;false;plains;1
3573;132;144;143;land;false;hills;1
3574;132;145;143;land;false;plains;1
3575;132;150;147;land;false;plains;1
3576;132;164;156;land;false;hills;1
3577;132;169;155;land;false;plains;1
3578;132;186;177;land;true;forest;1
3579;132;196;180;land;false;plains;1
3580;133;184;148;land;false;forest;1
3581;133;194;151;land;false;plains;1
3582;133;217;197;land;false;plains;1
3583;134;165;157;land;true;plains;1
3584;134;205;186;land;false;plains;1
3585;134;210;183;land;false;forest;1
3586;134;236;204;land;false;plains;1
3587;135;128;245;land;false;plains;1
3588;135;181;155;land;false;plains;1
3589;135;187;167;land;false;hills;1
3590;136;117;216;land;false;plains;1
3591;136;123;230;land;false;plains;1
3592;136;152;150;land;false;hills;1
3593;136;190;177;land;false;plains;1
3594;137;150;147;land;false;forest;1
3595;137;158;158;land;false;plains;1
3596;137;182;140;land;false;hills;1
3597;137;224;192;land;false;hills;1
3598;138;204;198;land;false;plains;1
3599;138;216;185;land;false;forest;1
3600;138;228;135;land;false;plains;1
3601;139;132;187;land;false;forest;1
3602;139;175;156;land;false;forest;1
3603;139;208;168;land;false;plains;1
3604;140;127;235;land;false;hills;1
3605;140;147;224;land;false;plains;1
3606;140;162;157;land;false;plains;1
3607;140;192;183;land;false;plains;1
3608;140;204;188;land;false;hills;1
3609;140;229;208;land;false;plains;1
3610;140;232;145;land;false;forest;1
3611;140;236;140;land;false;hills;1
3612;141;155;154;land;false;plains;1
3613;141;213;146;land;false;plains;1
3614;142;178;151;land;false;plains;1
3615;142;204;157;land;false;forest;1
3616;142;223;65;land;false;hills;1
3617;142;228;207;land;false;hills;1
3618;143;121;216;land;false;forest;1
3619;143;227;206;land;false;forest;1
3620;144;163;158;land;false;plains;1
3621;144;164;161;land;false;plains;1
3622;144;184;155;land;false;forest;1
3623;144;199;173;land;true;plains;1
3624;144;230;204;land;false;plains;1
3625;145;158;156;land;false;hills;1
3626;145;196;161;land;false;forest;1
3627;145;219;192;land;false;forest;1
3628;146;193;169;land;true;plains;1
3629;146;201;160;land;true;plains;1
3630;146;226;183;lake;false;lake;1
3631;146;240;228;land;true;hills;1
3632;147;134;221;land;false;plains;1
3633;147;145;155;land;false;plains;1
3634;147;197;183;land;true;plains;1
3635;147;228;166;lake;false;lake;1
3636;147;238;220;land;false;forest;1
3637;147;241;219;land;false;marsh;1
3638;147;245;228;land;false;plains;1
3639;147;248;219;land;false;plains;1
3640;148;70;54;land;true;plains;1
3641;148;147;157;land;false;plains;1
3642;148;212;206;land;false;plains;1
3643;148;226;156;land;false;forest;1
3644;149;170;170;land;false;plains;1
3645;149;205;163;land;false;plains;1
3646;150;136;245;land;false;plains;1
3647;150;230;199;land;false;hills;1
3648;151;211;172;land;false;forest;1
3649;152;143;217;land;false;forest;1
3650;152;214;170;land;false;forest;1
3651;152;218;193;land;false;plains;1
3652;153;127;214;land;true;forest;1
3653;153;191;167;land;false;forest;1
3654;153;198;182;land;true;plains;1
3655;153;215;176;land;false;forest;1
3656;153;220;177;lake;false;lake;1
3657;153;230;206;land;true;plains;1
3658;153;253;234;land;false;forest;1
3659;154;151;232;land;false;plains;1
3660;154;216;176;land;false;plains;1
3661;154;233;222;land;false;plains;1
3662;154;246;165;land;false;plains;1
3663;154;254;172;land;false;plains;1
3664;155;143;238;land;false;plains;1
3665;155;203;168;land;false;forest;1
3666;155;215;205;land;false;hills;1
3667;155;226;201;land;false;hills;1
3668;156;128;221;land;false;forest;1
3669;156;204;180;land;false;plains;1
3670;157;193;178;land;false;forest;1
3671;157;194;169;land;false;hills;1
3672;157;215;168;land;false;forest;1
3673;157;232;209;land;false;forest;1
3674;158;139;240;land;false;plains;1
3675;158;182;177;land;false;plains;1
3676;158;241;228;land;false;plains;1
3677;158;244;226;land;false;forest;1
3678;159;197;185;land;true;plains;1
3679;159;205;192;land;true;forest;1
3680;160;151;253;land;false;forest;1
3681;160;153;223;land;false;plains;1
3682;160;158;248;land;false;hills;1
3683;160;159;172;land;false;forest;1
3684;161;221;189;land;false;plains;1
3685;161;230;165;land;false;hills;1
3686;161;251;226;land;true;plains;1
3687;162;34;125;land;false;plains;1
3688;162;140;250;land;false;hills;1
3689;162;185;181;land;false;plains;1
3690;162;186;184;land;false;plains;1
3691;162;218;183;land;false;plains;1
3692;162;219;178;land;false;plains;1
3693;162;226;207;land;false;plains;1
3694;162;233;205;land;false;mountain;1
3695;163;150;224;land;false;plains;1
3696;163;181;180;land;false;plains;1
3697;164;132;230;land;false;forest;1
3698;164;180;176;land;false;hills;1
3699;165;160;237;land;false;plains;1
3700;165;162;173;land;false;hills;1
3701;165;163;176;land;false;plains;1
3702;165;208;16;land;false;forest;1
3703;166;183;178;land;false;plains;1
3704;166;187;186;land;false;plains;1
3705;166;206;190;lake;false;lake;1
3706;167;164;175;land;false;forest;1
3707;167;235;178;land;false;forest;1
3708;168;31;100;lake;false;lake;1
3709;168;217;180;land;false;forest;1
3710;169;244;229;land;true;plains;1
3711;170;168;180;land;false;plains;1
3712;170;216;189;land;false;forest;1
3713;171;155;248;land;false;forest;1
3714;171;242;236;land;false;plains;1
3715;172;172;181;land;false;forest;1
3716;172;247;41;land;false;plains;1
3717;173;252;57;land;false;plains;1
3718;174;167;243;land;false;forest;1
3719;174;172;180;land;false;forest;1
3720;174;239;222;land;false;plains;1
3721;176;254;248;land;true;plains;1
3722;177;123;181;land;false;plains;1
3723;179;225;15;land;false;plains;1
3724;181;253;190;land;false;hills;1
3725;184;252;192;land;false;hills;1
3726;188;167;248;land;false;plains;1
3727;196;112;83;land;true;plains;1
3728;198;174;250;land;false;hills;1